mtllib model_0.mtl
o model_0
v -0.6193920969963074 -0.03777119889855385 -0.7471169829368591
v -0.6292200088500977 -0.03777119889855385 0.9425303936004639
v 0.6189245581626892 -0.03777119889855385 -0.733707070350647
v 0.6090966463088989 -0.03777119889855385 0.955940306186676
v 0.31895366311073303 -0.06233629956841469 -0.7760701775550842
v 0.31895366311073303 -0.05195669084787369 -0.7760701775550842
v 0.31895366311073303 -0.06233629956841469 -0.7643268704414368
v 0.31895366311073303 -0.0009168062242679298 -0.7643268704414368
v 0.31895366311073303 -0.0009168062242679298 -0.7760701775550842
v 0.3124094009399414 0.01481606438755989 -0.7643268704414368
v 0.3124094009399414 0.01481606438755989 -0.7760701775550842
v 0.29682785272598267 0.021313536912202835 -0.7643268704414368
v 0.29682785272598267 0.021313536912202835 -0.7760701775550842
v 0.28405097126960754 0.021313536912202835 -0.7760701775550842
v 0.28405097126960754 0.021313536912202835 -0.7643268704414368
v 0.2684694230556488 0.01481606438755989 -0.7643268704414368
v 0.2684694230556488 0.01481606438755989 -0.7760701775550842
v 0.26192519068717957 -0.0009168062242679298 -0.7643268704414368
v 0.26192519068717957 -0.0009168062242679298 -0.7760701775550842
v 0.26192519068717957 -0.05195669084787369 -0.7643268704414368
v 0.29682785272598267 0.021313536912202835 -0.7643268704414368
v 0.28405097126960754 0.021313536912202835 -0.7643268704414368
v 0.3124094009399414 0.01481606438755989 -0.7643268704414368
v 0.2684694230556488 0.01481606438755989 -0.7643268704414368
v 0.31895366311073303 -0.0009168062242679298 -0.7643268704414368
v 0.26192519068717957 -0.0009168062242679298 -0.7643268704414368
v 0.31895366311073303 -0.06233629956841469 -0.7643268704414368
v 0.26192519068717957 -0.05195669084787369 -0.7643268704414368
v 0.14194725453853607 -0.06233629956841469 -0.7643268704414368
v 0.14194725453853607 -0.05195669084787369 -0.7643268704414368
v 0.00015514399274252355 -0.05195669084787369 -0.7643268704414368
v -0.14194859564304352 -0.05195669084787369 -0.7643268704414368
v -0.14194859564304352 -0.06233629956841469 -0.7643268704414368
v -0.261926531791687 -0.05195669084787369 -0.7643268704414368
v -0.3189550042152405 -0.06233629956841469 -0.7643268704414368
v -0.261926531791687 -0.0009168062242679298 -0.7643268704414368
v -0.3189550042152405 -0.0009168062242679298 -0.7643268704414368
v -0.26847076416015625 0.01481606438755989 -0.7643268704414368
v -0.31241074204444885 0.01481606438755989 -0.7643268704414368
v -0.2840523421764374 0.021313536912202835 -0.7643268704414368
v -0.2968291938304901 0.021313536912202835 -0.7643268704414368
v 0.00015514399274252355 -0.06233629956841469 -0.9222865700721741
v -0.13478107750415802 -0.06233629956841469 -0.9200990796089172
v -0.01542640570551157 -0.06233629956841469 -0.9273523092269897
v -0.025086967274546623 -0.06233629956841469 -0.9405924081802368
v -0.025086967274546623 -0.06233629956841469 -0.9569410085678101
v -0.032254479825496674 -0.06233629956841469 -1
v 0.00015514399274252355 -0.06233629956841469 -1
v -0.01542640570551157 -0.06233629956841469 -0.9701810479164124
v 0.00015514399274252355 -0.06233629956841469 -0.9752468466758728
v 0.015425062738358974 -0.06233629956841469 -0.9701810479164124
v 0.025085624307394028 -0.06233629956841469 -0.9569410085678101
v 0.03225313872098923 -0.06233629956841469 -1
v 0.13477973639965057 -0.06233629956841469 -0.9200990796089172
v 0.025085624307394028 -0.06233629956841469 -0.9405924081802368
v 0.015425062738358974 -0.06233629956841469 -0.9273523092269897
v 0.1385193020105362 -0.03234168514609337 -0.8738164305686951
v 0.1385193020105362 0.006520551163703203 -0.8395074009895325
v 0.14444029331207275 -0.03234168514609337 -0.8738164305686951
v 0.14444029331207275 0.006520551163703203 -0.8395074009895325
v -0.3189550042152405 -0.05195669084787369 -0.7760701775550842
v -0.3189550042152405 -0.0009168062242679298 -0.7760701775550842
v -0.261926531791687 -0.05195669084787369 -0.7760701775550842
v -0.261926531791687 -0.0009168062242679298 -0.7760701775550842
v -0.31241074204444885 0.01481606438755989 -0.7760701775550842
v -0.26847076416015625 0.01481606438755989 -0.7760701775550842
v -0.2968291938304901 0.021313536912202835 -0.7760701775550842
v -0.2840523421764374 0.021313536912202835 -0.7760701775550842
v 0.1385193020105362 -0.05195669084787369 -0.8738164305686951
v 0.1385193020105362 -0.05195669084787369 -0.7872378826141357
v 0.1385193020105362 -0.03234168514609337 -0.8738164305686951
v 0.1385193020105362 0.006520551163703203 -0.7872378826141357
v 0.1385193020105362 0.006520551163703203 -0.8395074009895325
v -0.3189550042152405 -0.05195669084787369 -0.7760701775550842
v -0.032254479825496674 -0.05195669084787369 -1
v -0.3189550042152405 -0.06233629956841469 -0.7760701775550842
v -0.13478107750415802 -0.06233629956841469 -0.9200990796089172
v -0.032254479825496674 -0.06233629956841469 -1
v 0.00015514399274252355 -0.05195669084787369 -1
v 0.00015514399274252355 -0.06233629956841469 -1
v 0.03225313872098923 -0.06233629956841469 -1
v 0.03225313872098923 -0.05195669084787369 -1
v 0.13477973639965057 -0.06233629956841469 -0.9200990796089172
v 0.31895366311073303 -0.06233629956841469 -0.7760701775550842
v 0.31895366311073303 -0.05195669084787369 -0.7760701775550842
v 0.1385193020105362 -0.03234168514609337 -0.8738164305686951
v 0.14444029331207275 -0.03234168514609337 -0.8738164305686951
v 0.1385193020105362 -0.05195669084787369 -0.8738164305686951
v 0.14444029331207275 -0.05195669084787369 -0.8738164305686951
v 0.14444029331207275 -0.05195669084787369 -0.8738164305686951
v 0.14444029331207275 -0.03234168514609337 -0.8738164305686951
v 0.14444029331207275 -0.05195669084787369 -0.7872378826141357
v 0.14444029331207275 0.006520551163703203 -0.8395074009895325
v 0.14444029331207275 0.006520551163703203 -0.7872378826141357
v -0.3189550042152405 -0.06233629956841469 -0.7760701775550842
v -0.3189550042152405 -0.06233629956841469 -0.7643268704414368
v -0.3189550042152405 -0.05195669084787369 -0.7760701775550842
v -0.3189550042152405 -0.0009168062242679298 -0.7643268704414368
v -0.3189550042152405 -0.0009168062242679298 -0.7760701775550842
v -0.31241074204444885 0.01481606438755989 -0.7643268704414368
v -0.31241074204444885 0.01481606438755989 -0.7760701775550842
v -0.2968291938304901 0.021313536912202835 -0.7643268704414368
v -0.2968291938304901 0.021313536912202835 -0.7760701775550842
v -0.2840523421764374 0.021313536912202835 -0.7760701775550842
v -0.2840523421764374 0.021313536912202835 -0.7643268704414368
v -0.26847076416015625 0.01481606438755989 -0.7643268704414368
v -0.26847076416015625 0.01481606438755989 -0.7760701775550842
v -0.261926531791687 -0.0009168062242679298 -0.7643268704414368
v -0.261926531791687 -0.0009168062242679298 -0.7760701775550842
v -0.261926531791687 -0.05195669084787369 -0.7643268704414368
v -0.261926531791687 -0.05195669084787369 -0.7760701775550842
v 0.00015514399274252355 -0.05195669084787369 -0.9222865700721741
v 0.00015514399274252355 -0.06233629956841469 -0.9222865700721741
v -0.01542640570551157 -0.05195669084787369 -0.9273523092269897
v -0.01542640570551157 -0.06233629956841469 -0.9273523092269897
v -0.025086967274546623 -0.05195669084787369 -0.9405924081802368
v -0.025086967274546623 -0.06233629956841469 -0.9405924081802368
v -0.025086967274546623 -0.05195669084787369 -0.9569410085678101
v -0.025086967274546623 -0.06233629956841469 -0.9569410085678101
v -0.01542640570551157 -0.05195669084787369 -0.9701810479164124
v -0.01542640570551157 -0.06233629956841469 -0.9701810479164124
v 0.00015514399274252355 -0.05195669084787369 -0.9752468466758728
v 0.00015514399274252355 -0.06233629956841469 -0.9752468466758728
v 0.015425062738358974 -0.06233629956841469 -0.9701810479164124
v 0.015425062738358974 -0.05195669084787369 -0.9701810479164124
v 0.025085624307394028 -0.06233629956841469 -0.9569410085678101
v 0.025085624307394028 -0.05195669084787369 -0.9569410085678101
v 0.025085624307394028 -0.06233629956841469 -0.9405924081802368
v 0.025085624307394028 -0.05195669084787369 -0.9405924081802368
v 0.015425062738358974 -0.06233629956841469 -0.9273523092269897
v 0.015425062738358974 -0.05195669084787369 -0.9273523092269897
v 0.00015514399274252355 -0.06233629956841469 -0.9222865700721741
v 0.00015514399274252355 -0.05195669084787369 -0.9222865700721741
v -0.13852065801620483 -0.05195669084787369 -0.8738164305686951
v -0.13852065801620483 -0.03234168514609337 -0.8738164305686951
v -0.13852065801620483 -0.05195669084787369 -0.7872378826141357
v -0.13852065801620483 0.006520551163703203 -0.7872378826141357
v -0.1444416344165802 -0.05195669084787369 -0.8738164305686951
v -0.1444416344165802 -0.05195669084787369 -0.7872378826141357
v -0.1444416344165802 -0.03234168514609337 -0.8738164305686951
v -0.1444416344165802 0.006520551163703203 -0.8395074009895325
v 0.1385193020105362 0.006520551163703203 -0.7872378826141357
v 0.1385193020105362 -0.05195669084787369 -0.7872378826141357
v 0.14444029331207275 0.006520551163703203 -0.7872378826141357
v 0.14444029331207275 -0.05195669084787369 -0.7872378826141357
v -0.13852065801620483 -0.03234168514609337 -0.8738164305686951
v -0.1444416344165802 -0.03234168514609337 -0.8738164305686951
v -0.13852065801620483 0.006520551163703203 -0.8395074009895325
v -0.1444416344165802 0.006520551163703203 -0.8395074009895325
v -0.13852065801620483 0.006520551163703203 -0.8395074009895325
v -0.1444416344165802 0.006520551163703203 -0.8395074009895325
v -0.13852065801620483 0.006520551163703203 -0.7872378826141357
v -0.1444416344165802 0.006520551163703203 -0.7872378826141357
v 0.28405097126960754 0.021313536912202835 -0.7760701775550842
v 0.29682785272598267 0.021313536912202835 -0.7760701775550842
v 0.2684694230556488 0.01481606438755989 -0.7760701775550842
v 0.3124094009399414 0.01481606438755989 -0.7760701775550842
v 0.26192519068717957 -0.0009168062242679298 -0.7760701775550842
v 0.31895366311073303 -0.0009168062242679298 -0.7760701775550842
v 0.26192519068717957 -0.05195669084787369 -0.7760701775550842
v 0.31895366311073303 -0.05195669084787369 -0.7760701775550842
v -0.13852065801620483 -0.03234168514609337 -0.8738164305686951
v -0.13852065801620483 -0.05195669084787369 -0.8738164305686951
v -0.1444416344165802 -0.03234168514609337 -0.8738164305686951
v -0.1444416344165802 -0.05195669084787369 -0.8738164305686951
v -0.13852065801620483 0.006520551163703203 -0.7872378826141357
v -0.1444416344165802 0.006520551163703203 -0.7872378826141357
v -0.13852065801620483 -0.05195669084787369 -0.7872378826141357
v -0.1444416344165802 -0.05195669084787369 -0.7872378826141357
v 0.14444029331207275 0.006520551163703203 -0.7872378826141357
v 0.14444029331207275 0.006520551163703203 -0.8395074009895325
v 0.1385193020105362 0.006520551163703203 -0.7872378826141357
v 0.1385193020105362 0.006520551163703203 -0.8395074009895325
v 0.14194725453853607 -0.05195669084787369 -0.7643268704414368
v 0.1385193020105362 -0.05195669084787369 -0.7872378826141357
v 0.00015514399274252355 -0.05195669084787369 -0.7643268704414368
v 0.00015514399274252355 -0.05195669084787369 -0.8746223449707031
v -0.13852065801620483 -0.05195669084787369 -0.8738164305686951
v -0.025086967274546623 -0.05195669084787369 -0.9405924081802368
v -0.032254479825496674 -0.05195669084787369 -1
v -0.025086967274546623 -0.05195669084787369 -0.9569410085678101
v 0.00015514399274252355 -0.05195669084787369 -1
v -0.01542640570551157 -0.05195669084787369 -0.9701810479164124
v 0.00015514399274252355 -0.05195669084787369 -0.9752468466758728
v 0.015425062738358974 -0.05195669084787369 -0.9701810479164124
v 0.025085624307394028 -0.05195669084787369 -0.9569410085678101
v 0.03225313872098923 -0.05195669084787369 -1
v 0.025085624307394028 -0.05195669084787369 -0.9405924081802368
v 0.1385193020105362 -0.05195669084787369 -0.8738164305686951
v 0.015425062738358974 -0.05195669084787369 -0.9273523092269897
v 0.00015514399274252355 -0.05195669084787369 -0.9222865700721741
v -0.01542640570551157 -0.05195669084787369 -0.9273523092269897
v -0.13852065801620483 -0.05195669084787369 -0.7872378826141357
v -0.14194859564304352 -0.05195669084787369 -0.7643268704414368
v -0.1444416344165802 -0.05195669084787369 -0.7872378826141357
v -0.261926531791687 -0.05195669084787369 -0.7643268704414368
v -0.261926531791687 -0.05195669084787369 -0.7760701775550842
v -0.3189550042152405 -0.05195669084787369 -0.7760701775550842
v -0.1444416344165802 -0.05195669084787369 -0.8738164305686951
v 0.14444029331207275 -0.05195669084787369 -0.8738164305686951
v 0.31895366311073303 -0.05195669084787369 -0.7760701775550842
v 0.14444029331207275 -0.05195669084787369 -0.7872378826141357
v 0.26192519068717957 -0.05195669084787369 -0.7760701775550842
v 0.26192519068717957 -0.05195669084787369 -0.7643268704414368
v 0.26192519068717957 -0.05195669084787369 -0.7760701775550842
v -0.1444416344165802 0.006520551163703203 -0.7872378826141357
v -0.13852065801620483 0.006520551163703203 -0.8395074009895325
v 0.05315984785556793 0.07635793089866638 -0.9912199974060059
v 0.05315984785556793 0.08410143107175827 -0.9894576072692871
v 0.14447101950645447 0.060023099184036255 -0.9173599481582642
v 0.14447101950645447 0.06776659935712814 -0.9155975580215454
v 0.1503082662820816 0.05697091668844223 -0.9099899530410767
v 0.14447101950645447 -0.027981499210000038 -0.8406160473823547
v 0.1503082662820816 -0.028094541281461716 -0.8402956128120422
v 0.14447101950645447 -0.03154237940907478 -0.8308427929878235
v 0.1503082662820816 -0.03159889951348305 -0.8306825757026672
v 0.14447101950645447 -0.03097715973854065 -0.8149812817573547
v 0.1503082662820816 -0.03097715973854065 -0.8149812817573547
v 0.14447101950645447 -0.025777144357562065 -0.8055285215377808
v 0.1503082662820816 -0.025777144357562065 -0.8055285215377808
v 0.14447101950645447 -0.015829289332032204 -0.8000811338424683
v 0.1503082662820816 -0.015829289332032204 -0.8000811338424683
v 0.14447101950645447 0.03119693137705326 -0.7895067930221558
v 0.1503082662820816 0.03119693137705326 -0.7895067930221558
v 0.14447101950645447 0.03899695351719856 -0.7879046201705933
v -0.0531613826751709 0.07635793089866638 -0.9912199974060059
v -0.14447255432605743 0.060023099184036255 -0.9173599481582642
v -0.0531613826751709 0.08410143107175827 -0.9894576072692871
v -0.14447255432605743 0.06776659935712814 -0.9155975580215454
v -0.15030980110168457 0.05697091668844223 -0.9099899530410767
v -0.14447255432605743 -0.027981499210000038 -0.8406160473823547
v -0.15030980110168457 -0.028094541281461716 -0.8402956128120422
v -0.14447255432605743 -0.03154237940907478 -0.8308427929878235
v -0.15030980110168457 -0.03159889951348305 -0.8306825757026672
v -0.14447255432605743 -0.03097715973854065 -0.8149812817573547
v -0.15030980110168457 -0.03097715973854065 -0.8149812817573547
v -0.14447255432605743 -0.025777144357562065 -0.8055285215377808
v -0.15030980110168457 -0.025777144357562065 -0.8055285215377808
v -0.14447255432605743 -0.015829289332032204 -0.8000811338424683
v -0.15030980110168457 -0.015829289332032204 -0.8000811338424683
v -0.14447255432605743 0.03119693137705326 -0.7895067930221558
v -0.15030980110168457 0.03119693137705326 -0.7895067930221558
v -0.14447255432605743 0.03899695351719856 -0.7879046201705933
v -0.14447255432605743 0.026957787573337555 -0.7707614302635193
v -0.37337592244148254 0.026957787573337555 -0.7707614302635193
v -0.14447255432605743 0.034757811576128006 -0.7689990401268005
v -0.37337592244148254 0.034757811576128006 -0.7689990401268005
v -0.4000604450702667 0.025318652391433716 -0.7637118697166443
v -0.4000604450702667 0.033062152564525604 -0.7621096968650818
v -0.4196569323539734 0.020796900615096092 -0.7448062300682068
v -0.4196569323539734 0.028596922755241394 -0.743043839931488
v -0.4267449975013733 0.014636014588177204 -0.7188510894775391
v -0.4267449975013733 0.02243603579699993 -0.7170886993408203
v -0.4267449975013733 0.008983824402093887 -0.6951389908790588
v -0.4267449975013733 0.016049060970544815 -0.6914539933204651
v -0.42424333095550537 0.0013533676974475384 -0.6829624772071838
v -0.42424333095550537 0.007175123319029808 -0.6775150895118713
v -0.415070503950119 -0.005598825868219137 -0.6752720475196838
v -0.415070503950119 -0.00034228930599056184 -0.6691838502883911
v -0.4021451771259308 -0.008877095766365528 -0.6717473268508911
v -0.4021451771259308 -0.005824913736432791 -0.6632558107376099
v -0.4021451771259308 -0.005824913736432791 -0.6632558107376099
v -0.4021451771259308 -0.008877095766365528 -0.6717473268508911
v 0.00020770399714820087 -0.005824913736432791 -0.6632558107376099
v 0.00020770399714820087 -0.008877095766365528 -0.6717473268508911
v 0.402143657207489 -0.005824913736432791 -0.6632558107376099
v 0.402143657207489 -0.008877095766365528 -0.6717473268508911
v 0.14447101950645447 0.026957787573337555 -0.7707614302635193
v 0.14447101950645447 0.034757811576128006 -0.7689990401268005
v 0.3733743727207184 0.026957787573337555 -0.7707614302635193
v 0.3733743727207184 0.034757811576128006 -0.7689990401268005
v 0.40005892515182495 0.025318652391433716 -0.7637118697166443
v 0.40005892515182495 0.033062152564525604 -0.7621096968650818
v 0.41965538263320923 0.020796900615096092 -0.7448062300682068
v 0.41965538263320923 0.028596922755241394 -0.743043839931488
v 0.42674344778060913 0.014636014588177204 -0.7188510894775391
v 0.42674344778060913 0.02243603579699993 -0.7170886993408203
v 0.42674344778060913 0.008983824402093887 -0.6951389908790588
v 0.42674344778060913 0.016049060970544815 -0.6914539933204651
v 0.4242417812347412 0.0013533676974475384 -0.6829624772071838
v 0.4242417812347412 0.007175123319029808 -0.6775150895118713
v 0.41506898403167725 -0.005598825868219137 -0.6752720475196838
v 0.41506898403167725 -0.00034228930599056184 -0.6691838502883911
v 0.402143657207489 -0.008877095766365528 -0.6717473268508911
v 0.402143657207489 -0.005824913736432791 -0.6632558107376099
v 0.42674344778060913 0.016049060970544815 -0.6914539933204651
v 0.42674344778060913 0.02243603579699993 -0.7170886993408203
v 0.00020770399714820087 0.016049060970544815 -0.6914539933204651
v 0.00020770399714820087 0.02243603579699993 -0.7170886993408203
v -0.4267449975013733 0.016049060970544815 -0.6914539933204651
v -0.4267449975013733 0.02243603579699993 -0.7170886993408203
v 0.41965538263320923 0.028596922755241394 -0.743043839931488
v 0.00020770399714820087 0.028596922755241394 -0.743043839931488
v -0.4196569323539734 0.028596922755241394 -0.743043839931488
v 0.00020770399714820087 0.033062152564525604 -0.7621096968650818
v 0.40005892515182495 0.033062152564525604 -0.7621096968650818
v -0.4000604450702667 0.033062152564525604 -0.7621096968650818
v -0.14447255432605743 0.034757811576128006 -0.7689990401268005
v -0.37337592244148254 0.034757811576128006 -0.7689990401268005
v -0.14447255432605743 0.03899695351719856 -0.7879046201705933
v 0.14447101950645447 0.034757811576128006 -0.7689990401268005
v 0.14447101950645447 0.03899695351719856 -0.7879046201705933
v 0.3733743727207184 0.034757811576128006 -0.7689990401268005
v 0.14447101950645447 0.060023099184036255 -0.9173599481582642
v 0.14447101950645447 -0.027981499210000038 -0.8406160473823547
v 0.14447101950645447 0.03119693137705326 -0.7895067930221558
v 0.14447101950645447 -0.015829289332032204 -0.8000811338424683
v 0.14447101950645447 -0.025777144357562065 -0.8055285215377808
v 0.14447101950645447 -0.03154237940907478 -0.8308427929878235
v 0.14447101950645447 -0.03097715973854065 -0.8149812817573547
v 0.1503082662820816 -0.03097715973854065 -0.8149812817573547
v 0.1503082662820816 -0.03159889951348305 -0.8306825757026672
v 0.1503082662820816 -0.025777144357562065 -0.8055285215377808
v 0.1503082662820816 -0.028094541281461716 -0.8402956128120422
v 0.1503082662820816 -0.015829289332032204 -0.8000811338424683
v 0.1503082662820816 0.05697091668844223 -0.9099899530410767
v 0.1503082662820816 0.03119693137705326 -0.7895067930221558
v 0.14447101950645447 0.06776659935712814 -0.9155975580215454
v -0.14447255432605743 0.06776659935712814 -0.9155975580215454
v -0.15030980110168457 0.05697091668844223 -0.9099899530410767
v -0.15030980110168457 0.03119693137705326 -0.7895067930221558
v -0.15030980110168457 -0.015829289332032204 -0.8000811338424683
v -0.15030980110168457 -0.028094541281461716 -0.8402956128120422
v -0.15030980110168457 -0.025777144357562065 -0.8055285215377808
v -0.15030980110168457 -0.03159889951348305 -0.8306825757026672
v -0.15030980110168457 -0.03097715973854065 -0.8149812817573547
v -0.0531613826751709 0.08410143107175827 -0.9894576072692871
v 0.05315984785556793 0.08410143107175827 -0.9894576072692871
v -0.14447255432605743 0.060023099184036255 -0.9173599481582642
v -0.14447255432605743 0.03119693137705326 -0.7895067930221558
v -0.14447255432605743 -0.027981499210000038 -0.8406160473823547
v -0.14447255432605743 -0.015829289332032204 -0.8000811338424683
v -0.14447255432605743 -0.025777144357562065 -0.8055285215377808
v -0.14447255432605743 -0.03154237940907478 -0.8308427929878235
v -0.14447255432605743 -0.03097715973854065 -0.8149812817573547
v -0.0531613826751709 0.08410143107175827 -0.9894576072692871
v 0.05315984785556793 0.08410143107175827 -0.9894576072692871
v -0.0531613826751709 0.07635793089866638 -0.9912199974060059
v 0.05315984785556793 0.07635793089866638 -0.9912199974060059
v 0.14447101950645447 0.03119693137705326 -0.7895067930221558
v 0.14447101950645447 0.03899695351719856 -0.7879046201705933
v 0.14447101950645447 0.026957787573337555 -0.7707614302635193
v 0.14447101950645447 0.034757811576128006 -0.7689990401268005
v -0.14447255432605743 0.03119693137705326 -0.7895067930221558
v -0.14447255432605743 0.026957787573337555 -0.7707614302635193
v -0.14447255432605743 0.03899695351719856 -0.7879046201705933
v -0.14447255432605743 0.034757811576128006 -0.7689990401268005
v -0.4021451771259308 -0.008877095766365528 -0.6717473268508911
v -0.415070503950119 -0.005598825868219137 -0.6752720475196838
v 0.00020770399714820087 -0.008877095766365528 -0.6717473268508911
v 0.00020770399714820087 -0.005598825868219137 -0.6752720475196838
v 0.402143657207489 -0.008877095766365528 -0.6717473268508911
v 0.41506898403167725 -0.005598825868219137 -0.6752720475196838
v -0.42424333095550537 0.0013533676974475384 -0.6829624772071838
v 0.00020770399714820087 0.0013533676974475384 -0.6829624772071838
v 0.4242417812347412 0.0013533676974475384 -0.6829624772071838
v -0.4267449975013733 0.008983824402093887 -0.6951389908790588
v 0.00020770399714820087 0.008983824402093887 -0.6951389908790588
v 0.42674344778060913 0.008983824402093887 -0.6951389908790588
v -0.4267449975013733 0.014636014588177204 -0.7188510894775391
v 0.00020770399714820087 0.014636014588177204 -0.7188510894775391
v 0.42674344778060913 0.014636014588177204 -0.7188510894775391
v -0.4196569323539734 0.020796900615096092 -0.7448062300682068
v 0.00020770399714820087 0.020796900615096092 -0.7448062300682068
v 0.41965538263320923 0.020796900615096092 -0.7448062300682068
v -0.4000604450702667 0.025318652391433716 -0.7637118697166443
v 0.00020770399714820087 0.02492300048470497 -0.7621096968650818
v 0.40005892515182495 0.025318652391433716 -0.7637118697166443
v -0.14447255432605743 0.026957787573337555 -0.7707614302635193
v -0.14447255432605743 0.03119693137705326 -0.7895067930221558
v 0.14447101950645447 0.03119693137705326 -0.7895067930221558
v -0.14447255432605743 0.060023099184036255 -0.9173599481582642
v 0.14447101950645447 0.060023099184036255 -0.9173599481582642
v -0.0531613826751709 0.07635793089866638 -0.9912199974060059
v 0.05315984785556793 0.07635793089866638 -0.9912199974060059
v 0.14447101950645447 0.026957787573337555 -0.7707614302635193
v 0.3733743727207184 0.026957787573337555 -0.7707614302635193
v -0.4267449975013733 0.016049060970544815 -0.6914539933204651
v -0.42424333095550537 0.007175123319029808 -0.6775150895118713
v 0.00020770399714820087 0.016049060970544815 -0.6914539933204651
v 0.00020770399714820087 0.007175123319029808 -0.6775150895118713
v 0.42674344778060913 0.016049060970544815 -0.6914539933204651
v 0.4242417812347412 0.007175123319029808 -0.6775150895118713
v -0.415070503950119 -0.00034228930599056184 -0.6691838502883911
v 0.00020770399714820087 -0.00034228930599056184 -0.6691838502883911
v 0.41506898403167725 -0.00034228930599056184 -0.6691838502883911
v -0.4021451771259308 -0.005824913736432791 -0.6632558107376099
v 0.00020770399714820087 -0.005824913736432791 -0.6632558107376099
v 0.402143657207489 -0.005824913736432791 -0.6632558107376099
v -0.37337592244148254 0.026957787573337555 -0.7707614302635193
v -0.6508204340934753 -0.08410149812698364 -0.9153167605400085
v -0.6088538765907288 -0.08410149812698364 -0.9266110062599182
v -0.6812800168991089 -0.08410149812698364 -0.885198712348938
v 0.6088532209396362 -0.08410149812698364 -0.9266110062599182
v 0.6812794208526611 -0.08410149812698364 -0.885198712348938
v 0.6508197784423828 -0.08410149812698364 -0.9153167605400085
v 0.6927863359451294 -0.08410149812698364 -0.8428452610969543
v -0.6927869915962219 -0.08410149812698364 -0.8428452610969543
v -0.6927869915962219 -0.08410149812698364 0.4795238673686981
v 0.6399897336959839 -0.08410149812698364 -0.5294296741485596
v -0.6426978707313538 -0.08410149812698364 0.5717602968215942
v 0.6927863359451294 -0.08410149812698364 -0.46919363737106323
v -0.6426978707313538 -0.08410149812698364 0.7223503589630127
v -0.6927869915962219 -0.08410149812698364 0.8164691925048828
v 0.6927863359451294 -0.08410149812698364 0.916235089302063
v -0.6927869915962219 -0.08410149812698364 0.916235089302063
v -0.6812800168991089 -0.08410149812698364 0.9585885405540466
v 0.6812794208526611 -0.08410149812698364 0.9585885405540466
v -0.6088538765907288 -0.08410149812698364 1.0000008344650269
v 0.6088532209396362 -0.08410149812698364 1.0000008344650269
v 0.6927863359451294 -0.08410149812698364 -0.46919363737106323
v 0.6927863359451294 -0.06234106421470642 -0.46919363737106323
v 0.6927863359451294 -0.08410149812698364 0.916235089302063
v 0.6927863359451294 -0.06234106421470642 0.916235089302063
v 0.6812794208526611 -0.08410149812698364 0.9585885405540466
v 0.6812794208526611 -0.06234106421470642 0.9585885405540466
v 0.6508197784423828 -0.08410149812698364 0.9887065887451172
v 0.6508197784423828 -0.06234106421470642 0.9887065887451172
v 0.6088532209396362 -0.08410149812698364 1.0000008344650269
v 0.6088532209396362 -0.06234106421470642 1.0000008344650269
v -0.6088538765907288 -0.08410149812698364 1.0000008344650269
v -0.6088538765907288 -0.06234106421470642 1.0000008344650269
v -0.6508204340934753 -0.08410149812698364 0.9887065887451172
v -0.6508204340934753 -0.06234106421470642 0.9887065887451172
v -0.6812800168991089 -0.08410149812698364 0.9585885405540466
v -0.6812800168991089 -0.06234106421470642 0.9585885405540466
v -0.6927869915962219 -0.08410149812698364 0.916235089302063
v -0.6927869915962219 -0.06234106421470642 0.916235089302063
v -0.6927869915962219 -0.08410149812698364 0.8164691925048828
v -0.6927869915962219 -0.06234106421470642 0.8164691925048828
v 0.6927863359451294 -0.06234106421470642 -0.5736654996871948
v 0.6927863359451294 -0.08410149812698364 -0.5736654996871948
v 0.6927863359451294 -0.06234106421470642 -0.8428452610969543
v 0.6927863359451294 -0.08410149812698364 -0.8428452610969543
v 0.6812794208526611 -0.06234106421470642 -0.885198712348938
v 0.6812794208526611 -0.08410149812698364 -0.885198712348938
v 0.6508197784423828 -0.06234106421470642 -0.9153167605400085
v 0.6508197784423828 -0.08410149812698364 -0.9153167605400085
v 0.6088532209396362 -0.06234106421470642 -0.9266110062599182
v 0.6088532209396362 -0.08410149812698364 -0.9266110062599182
v -0.6088538765907288 -0.06234106421470642 -0.9266110062599182
v -0.6088538765907288 -0.08410149812698364 -0.9266110062599182
v -0.6508204340934753 -0.06234106421470642 -0.9153167605400085
v -0.6508204340934753 -0.08410149812698364 -0.9153167605400085
v -0.6812800168991089 -0.06234106421470642 -0.885198712348938
v -0.6812800168991089 -0.08410149812698364 -0.885198712348938
v -0.6927869915962219 -0.06234106421470642 -0.8428452610969543
v -0.6927869915962219 -0.08410149812698364 -0.8428452610969543
v -0.6927869915962219 -0.06234106421470642 0.4795238673686981
v -0.6927869915962219 -0.08410149812698364 0.4795238673686981
v -0.6508204340934753 -0.06234106421470642 -0.9153167605400085
v -0.6812800168991089 -0.06234106421470642 -0.885198712348938
v -0.6088538765907288 -0.06234106421470642 -0.9266110062599182
v 0.6812794208526611 -0.06234106421470642 -0.885198712348938
v 0.6088532209396362 -0.06234106421470642 -0.9266110062599182
v 0.6508197784423828 -0.06234106421470642 -0.9153167605400085
v 0.6927863359451294 -0.06234106421470642 -0.8428452610969543
v -0.6927869915962219 -0.06234106421470642 -0.8428452610969543
v -0.6927869915962219 -0.06234106421470642 0.4795238673686981
v 0.6399897336959839 -0.06233042851090431 -0.5294296741485596
v -0.6426978707313538 -0.06233042851090431 0.5717602968215942
v 0.6927863359451294 -0.06234106421470642 -0.46919363737106323
v -0.6426978707313538 -0.06233042851090431 0.7223503589630127
v -0.6927869915962219 -0.06234106421470642 0.8164691925048828
v 0.6927863359451294 -0.06234106421470642 0.916235089302063
v -0.6927869915962219 -0.06234106421470642 0.916235089302063
v -0.6812800168991089 -0.06234106421470642 0.9585885405540466
v 0.6812794208526611 -0.06234106421470642 0.9585885405540466
v 0.6088532209396362 -0.06234106421470642 1.0000008344650269
v 0.6508197784423828 -0.06234106421470642 0.9887065887451172
v -0.6088538765907288 -0.06234106421470642 1.0000008344650269
v -0.6508204340934753 -0.06234106421470642 0.9887065887451172
v 0.6927863359451294 -0.08410149812698364 -0.46919363737106323
v 0.6399897336959839 -0.08410149812698364 -0.5294296741485596
v 0.6927863359451294 -0.06234106421470642 -0.46919363737106323
v 0.6399897336959839 -0.06233042851090431 -0.5294296741485596
v -0.6927869915962219 -0.06234106421470642 0.4795238673686981
v -0.6927869915962219 -0.08410149812698364 0.4795238673686981
v -0.6426978707313538 -0.06233042851090431 0.5717602968215942
v -0.6426978707313538 -0.08410149812698364 0.5717602968215942
v -0.6426978707313538 -0.08410149812698364 0.5717602968215942
v -0.6575892567634583 -0.08410149812698364 0.6508200764656067
v -0.6426978707313538 -0.06233042851090431 0.5717602968215942
v -0.6575892567634583 -0.06233042851090431 0.6508200764656067
v -0.6927869915962219 -0.06234106421470642 0.8164691925048828
v -0.6426978707313538 -0.06233042851090431 0.7223503589630127
v -0.6927869915962219 -0.08410149812698364 0.8164691925048828
v -0.6426978707313538 -0.08410149812698364 0.7223503589630127
v -0.6575892567634583 -0.08410149812698364 0.6508200764656067
v -0.6426978707313538 -0.08410149812698364 0.7223503589630127
v -0.6575892567634583 -0.06233042851090431 0.6508200764656067
v -0.6426978707313538 -0.06233042851090431 0.7223503589630127
v 0.6399897336959839 -0.06233042851090431 -0.5294296741485596
v 0.6399897336959839 -0.08410149812698364 -0.5294296741485596
v 0.6927863359451294 -0.06234106421470642 -0.5736654996871948
v 0.6927863359451294 -0.08410149812698364 -0.5736654996871948
v -0.6575892567634583 -0.06233042851090431 0.6508200764656067
v 0.6927863359451294 -0.06234106421470642 -0.5736654996871948
v 0.6508197784423828 -0.08410149812698364 0.9887065887451172
v -0.6575892567634583 -0.08410149812698364 0.6508200764656067
v 0.6927863359451294 -0.08410149812698364 -0.5736654996871948
v -0.6508204340934753 -0.08410149812698364 0.9887065887451172
v -0.04651716351509094 -0.02760312706232071 -0.8199401497840881
v -0.04651716351509094 -0.038726236671209335 -0.8477094769477844
v -0.04362935200333595 -0.02760312706232071 -0.8199401497840881
v -0.04362935200333595 -0.038726236671209335 -0.8477094769477844
v -0.04362935200333595 -0.025093045085668564 -0.8214172720909119
v -0.04362935200333595 -0.035920850932598114 -0.8484480381011963
v -0.046564504504203796 -0.025093045085668564 -0.8214172720909119
v -0.046564504504203796 -0.035920850932598114 -0.8484480381011963
v -0.04651716351509094 -0.02760312706232071 -0.8199401497840881
v -0.04651716351509094 -0.038726236671209335 -0.8477094769477844
v -0.04651716351509094 -0.04581352695822716 -0.8767589926719666
v -0.04362935200333595 -0.04581352695822716 -0.8767589926719666
v -0.04362935200333595 -0.04290970787405968 -0.8770051598548889
v -0.04651716351509094 -0.04290970787405968 -0.8770051598548889
v -0.04651716351509094 -0.04581352695822716 -0.8767589926719666
v -0.04646982252597809 -0.04861891269683838 -0.9119629859924316
v -0.04651716351509094 -0.0514242984354496 -0.9118152856826782
v -0.04367669299244881 -0.04861891269683838 -0.9119629859924316
v -0.04367669299244881 -0.0514242984354496 -0.9118152856826782
v -0.04651716351509094 -0.0514242984354496 -0.9118152856826782
v 0.04816523566842079 -0.022140005603432655 -0.8131948113441467
v -0.048742201179265976 -0.022140005603432655 -0.8131948113441467
v 0.04665031656622887 -0.027110952883958817 -0.8209741115570068
v -0.04826878756284714 -0.027110952883958817 -0.8209741115570068
v 0.04598754271864891 -0.025142261758446693 -0.8300336599349976
v -0.044008079916238785 -0.025142261758446693 -0.8300336599349976
v 0.045324765145778656 -0.017316710203886032 -0.8350065350532532
v -0.044623516499996185 -0.017316710203886032 -0.8350065350532532
v 0.04489869251847267 -0.008309945464134216 -0.8329877853393555
v -0.04519160836935043 -0.008309945464134216 -0.8329877853393555
v 0.04442528262734413 -0.0033389979507774115 -0.8251592516899109
v -0.04590172693133354 -0.0033389979507774115 -0.8251592516899109
v 0.04395186901092529 -0.0053076897747814655 -0.8161489367485046
v -0.04628045856952667 -0.0053076897747814655 -0.8161489367485046
v 0.04769182577729225 -0.01313324086368084 -0.811176061630249
v -0.047037918120622635 -0.01313324086368084 -0.811176061630249
v 0.04816523566842079 -0.022140005603432655 -0.8131948113441467
v -0.048742201179265976 -0.022140005603432655 -0.8131948113441467
v 0.04380984604358673 0.049323514103889465 -0.8734108805656433
v 0.04660297557711601 0.049323514103889465 -0.8734108805656433
v 0.04380984604358673 0.04735482111573219 -0.8753803372383118
v 0.04660297557711601 0.04735482111573219 -0.8753803372383118
v 0.04669765755534172 -0.016283147037029266 -0.8112745881080627
v 0.04669765755534172 0.003797510638833046 -0.816936731338501
v 0.04376250505447388 -0.016283147037029266 -0.8112745881080627
v 0.04376250505447388 0.003797510638833046 -0.816936731338501
v 0.04376250505447388 -0.016430798918008804 -0.8141794800758362
v 0.04376250505447388 0.0029115991201251745 -0.8196939826011658
v 0.04669765755534172 -0.016430798918008804 -0.8141794800758362
v 0.04669765755534172 0.0029115991201251745 -0.8196939826011658
v 0.04669765755534172 -0.016283147037029266 -0.8112745881080627
v 0.04669765755534172 0.003797510638833046 -0.816936731338501
v 0.04376250505447388 0.026191381737589836 -0.8298366665840149
v 0.04376250505447388 0.02456721104681492 -0.8322985172271729
v 0.04669765755534172 0.02456721104681492 -0.8322985172271729
v 0.04669765755534172 0.026191381737589836 -0.8298366665840149
v 0.04376250505447388 0.037954315543174744 -0.8517960906028748
v 0.04669765755534172 0.037954315543174744 -0.8517960906028748
v 0.04669765755534172 0.040021441876888275 -0.8496297001838684
v 0.04380984604358673 0.04735482111573219 -0.8753803372383118
v 0.04660297557711601 0.04735482111573219 -0.8753803372383118
v 0.04660297557711601 0.049323514103889465 -0.8734108805656433
v 0.04380984604358673 0.049323514103889465 -0.8734108805656433
v 0.04376250505447388 0.040021441876888275 -0.8496297001838684
v 0.04660297557711601 0.049323514103889465 -0.8734108805656433
v 0.04669765755534172 0.040021441876888275 -0.8496297001838684
v 0.04669765755534172 0.026191381737589836 -0.8298366665840149
v -0.04367669299244881 -0.04861891269683838 -0.9119629859924316
v -0.04367669299244881 -0.0514242984354496 -0.9118152856826782
v -0.04646982252597809 -0.04861891269683838 -0.9119629859924316
v -0.04651716351509094 -0.0514242984354496 -0.9118152856826782
v -0.04519160836935043 -0.008309945464134216 -0.8329877853393555
v -0.044623516499996185 -0.017316710203886032 -0.8350065350532532
v -0.04538097605109215 -0.015249584801495075 -0.8230912685394287
v -0.044008079916238785 -0.025142261758446693 -0.8300336599349976
v -0.04826878756284714 -0.027110952883958817 -0.8209741115570068
v -0.048742201179265976 -0.022140005603432655 -0.8131948113441467
v -0.047037918120622635 -0.01313324086368084 -0.811176061630249
v -0.04628045856952667 -0.0053076897747814655 -0.8161489367485046
v -0.04590172693133354 -0.0033389979507774115 -0.8251592516899109
v 0.04442528262734413 -0.0033389979507774115 -0.8251592516899109
v 0.04395186901092529 -0.0053076897747814655 -0.8161489367485046
v 0.04428325966000557 -0.015249584801495075 -0.8230912685394287
v 0.04769182577729225 -0.01313324086368084 -0.811176061630249
v 0.04816523566842079 -0.022140005603432655 -0.8131948113441467
v 0.04665031656622887 -0.027110952883958817 -0.8209741115570068
v 0.04598754271864891 -0.025142261758446693 -0.8300336599349976
v 0.045324765145778656 -0.017316710203886032 -0.8350065350532532
v 0.04489869251847267 -0.008309945464134216 -0.8329877853393555
v 0.6183964014053345 -0.010110218077898026 0.9311604499816895
v 0.620225191116333 -0.02841637283563614 0.9319919943809509
v 0.6183964014053345 -0.010110218077898026 -0.7626579999923706
v 0.620225191116333 -0.02841637283563614 -0.7609949707984924
v 0.6129099726676941 -0.04116431251168251 -0.760163426399231
v 0.6129099726676941 -0.04116431251168251 0.9336550235748291
v 0.609252393245697 -0.053939905017614365 0.9394757151603699
v 0.6183964014053345 -0.053939905017614365 -0.7543427348136902
v 0.6147388219833374 -0.06671550124883652 -0.7551742792129517
v -0.6184819936752319 -0.010110218077898026 -0.7626579999923706
v -0.6166532039642334 -0.02841637283563614 -0.7609949707984924
v -0.6184819936752319 -0.010110218077898026 0.9311604499816895
v -0.6166532039642334 -0.02841637283563614 0.9319919943809509
v -0.6239684224128723 -0.04116431251168251 -0.760163426399231
v -0.6239684224128723 -0.04116431251168251 0.9336550235748291
v -0.6184819936752319 -0.053939905017614365 -0.7609949707984924
v -0.6276260018348694 -0.053939905017614365 0.9328235387802124
v -0.622139573097229 -0.06671550124883652 0.9386441707611084
v -0.622139573097229 -0.06671550124883652 -0.7551742792129517
v -0.622139573097229 -0.06671550124883652 -0.7551742792129517
v -0.6184819936752319 -0.053939905017614365 -0.7609949707984924
v 0.6147388219833374 -0.06671550124883652 -0.7551742792129517
v 0.6183964014053345 -0.053939905017614365 -0.7543427348136902
v 0.6129099726676941 -0.04116431251168251 -0.760163426399231
v -0.6239684224128723 -0.04116431251168251 -0.760163426399231
v -0.6166532039642334 -0.02841637283563614 -0.7609949707984924
v 0.620225191116333 -0.02841637283563614 -0.7609949707984924
v -0.6184819936752319 -0.010110218077898026 -0.7626579999923706
v 0.6183964014053345 -0.010110218077898026 -0.7626579999923706
v 0.6183964014053345 -0.010110218077898026 -0.7626579999923706
v -0.6184819936752319 -0.010110218077898026 -0.7626579999923706
v 0.6183964014053345 -0.010110218077898026 0.9311604499816895
v -0.6184819936752319 -0.010110218077898026 0.9311604499816895
v 0.6147388219833374 -0.06671550124883652 0.9386441707611084
v 0.609252393245697 -0.053939905017614365 0.9394757151603699
v -0.622139573097229 -0.06671550124883652 0.9386441707611084
v -0.6276260018348694 -0.053939905017614365 0.9328235387802124
v 0.6129099726676941 -0.04116431251168251 0.9336550235748291
v -0.6239684224128723 -0.04116431251168251 0.9336550235748291
v 0.620225191116333 -0.02841637283563614 0.9319919943809509
v -0.6166532039642334 -0.02841637283563614 0.9319919943809509
v -0.6184819936752319 -0.010110218077898026 0.9311604499816895
v 0.6183964014053345 -0.010110218077898026 0.9311604499816895
v 0.6147388219833374 -0.06671550124883652 0.9386441707611084
v 0.15593214333057404 -0.021478690207004547 -0.8168325424194336
v -0.15593357384204865 -0.021478690207004547 -0.8168325424194336
v 0.15593214333057404 -0.02407030016183853 -0.8230781555175781
v -0.15593357384204865 -0.02407030016183853 -0.8230781555175781
v 0.15593214333057404 -0.021478690207004547 -0.8293324708938599
v -0.15593357384204865 -0.021478690207004547 -0.8293324708938599
v 0.15593214333057404 -0.015232909470796585 -0.8319240212440491
v -0.15593357384204865 -0.015232909470796585 -0.8319240212440491
v 0.15593214333057404 -0.008978490717709064 -0.8293324708938599
v -0.15593357384204865 -0.008978490717709064 -0.8293324708938599
v 0.15593214333057404 -0.006386881228536367 -0.8230781555175781
v -0.15593357384204865 -0.006386881228536367 -0.8230781555175781
v 0.15593214333057404 -0.008978490717709064 -0.8168325424194336
v -0.15593357384204865 -0.008978490717709064 -0.8168325424194336
v 0.15593214333057404 -0.015232909470796585 -0.8142409920692444
v -0.15593357384204865 -0.015232909470796585 -0.8142409920692444
v 0.15593214333057404 -0.021478690207004547 -0.8168325424194336
v -0.15593357384204865 -0.021478690207004547 -0.8168325424194336
v 0.15593214333057404 -0.021478690207004547 -0.8168325424194336
v 0.15593214333057404 -0.02407030016183853 -0.8230781555175781
v 0.1591985672712326 -0.015232909470796585 -0.8230781555175781
v 0.15593214333057404 -0.021478690207004547 -0.8293324708938599
v 0.15593214333057404 -0.015232909470796585 -0.8319240212440491
v 0.15593214333057404 -0.008978490717709064 -0.8293324708938599
v 0.15593214333057404 -0.006386881228536367 -0.8230781555175781
v 0.15593214333057404 -0.008978490717709064 -0.8168325424194336
v 0.15593214333057404 -0.015232909470796585 -0.8142409920692444
v 0.15593214333057404 -0.021478690207004547 -0.8168325424194336
v -0.15593357384204865 -0.021478690207004547 -0.8168325424194336
v -0.15593357384204865 -0.015232909470796585 -0.8142409920692444
v -0.15919999778270721 -0.015232909470796585 -0.8230781555175781
v -0.15593357384204865 -0.008978490717709064 -0.8168325424194336
v -0.15593357384204865 -0.006386881228536367 -0.8230781555175781
v -0.15593357384204865 -0.008978490717709064 -0.8293324708938599
v -0.15593357384204865 -0.015232909470796585 -0.8319240212440491
v -0.15593357384204865 -0.021478690207004547 -0.8293324708938599
v -0.15593357384204865 -0.02407030016183853 -0.8230781555175781
v -0.15593357384204865 -0.021478690207004547 -0.8168325424194336
v 0.6098260879516602 -0.007982983253896236 -0.7526140213012695
v 0.538153886795044 -0.009327815845608711 -0.7517804503440857
v 0.6104386448860168 -0.009281442500650883 -0.6825953722000122
v 0.6110512614250183 -0.009846899658441544 -0.6084089875221252
v 0.4530048370361328 -0.009846899658441544 -0.7509468793869019
v -0.6257538199424744 -0.009846899658441544 -0.6059083342552185
v -0.6116644144058228 -0.009846899658441544 0.7752923369407654
v 0.6257532238960266 -0.009846899658441544 0.8128023147583008
v -0.38500872254371643 -0.009846899658441544 0.951172411441803
v 0.5075247287750244 -0.009846899658441544 0.9420033097267151
v 0.6263658404350281 -0.009846899658441544 0.894490659236908
v 0.5736836791038513 -0.009846899658441544 0.9411697387695312
v 0.6269783973693848 -0.009846899658441544 0.9411697387695312
v -0.6269789934158325 -0.008289647288620472 -0.7401106953620911
v -0.6263664364814758 -0.009846899658441544 -0.6884302496910095
v -0.5461180210113525 -0.009846899658441544 -0.7409442067146301
v -0.47077032923698425 -0.009846899658441544 -0.741777777671814
v -0.5197769999504089 -0.009846899658441544 0.9528395533561707
v -0.6104392409324646 -0.009846899658441544 0.868650496006012
v -0.6098266839981079 -0.006784751545637846 0.9536730647087097
v 0.6098260879516602 -0.005175420548766851 -0.7526140213012695
v 0.538153886795044 -0.008156652562320232 -0.7517804503440857
v 0.6104386448860168 -0.008059030398726463 -0.6825953722000122
v 0.6110512614250183 -0.009313100017607212 -0.6084089875221252
v 0.4530048370361328 -0.009313100017607212 -0.7509468793869019
v -0.6257538199424744 -0.009313100017607212 -0.6059083342552185
v -0.6116644144058228 -0.009313100017607212 0.7752923369407654
v 0.6257532238960266 -0.009313100017607212 0.8128023147583008
v -0.38500872254371643 -0.009313100017607212 0.951172411441803
v 0.5075247287750244 -0.009313100017607212 0.9420033097267151
v 0.6263658404350281 -0.0019388692453503609 0.894490659236908
v 0.5736836791038513 -0.0036209747195243835 0.9411697387695312
v 0.6269783973693848 0.006058641709387302 0.9411697387695312
v -0.6269789934158325 -0.00445451820269227 -0.7401106953620911
v -0.6263664364814758 -0.009313100017607212 -0.6884302496910095
v -0.5461180210113525 -0.009313100017607212 -0.7409442067146301
v -0.47077032923698425 -0.009313100017607212 -0.741777777671814
v -0.5197769999504089 -0.008149143308401108 0.9528395533561707
v -0.6104392409324646 -0.007848766632378101 0.868650496006012
v -0.6098266839981079 -0.0023143391590565443 0.9536730647087097
v 0.6098260879516602 0.010423591360449791 -0.7526140213012695
v 0.538153886795044 -0.006337648723274469 -0.7517804503440857
v 0.6104386448860168 -0.005911756306886673 -0.6825953722000122
v 0.6110512614250183 -0.00894979014992714 -0.6084089875221252
v 0.4530048370361328 -0.00894979014992714 -0.7509468793869019
v -0.6257538199424744 -0.00894979014992714 -0.6059083342552185
v -0.6116644144058228 -0.00894979014992714 0.7752923369407654
v 0.6257532238960266 -0.00894979014992714 0.8128023147583008
v -0.38500872254371643 -0.00894979014992714 0.951172411441803
v 0.5075247287750244 -0.00894979014992714 0.9420033097267151
v 0.6263658404350281 -0.006470148451626301 0.894490659236908
v 0.5736836791038513 -0.007038005627691746 0.9411697387695312
v 0.6269783973693848 -0.0037822930607944727 0.9411697387695312
v -0.6269789934158325 -0.00035622375435195863 -0.7401106953620911
v -0.6263664364814758 -0.008050682954490185 -0.6884302496910095
v -0.5461180210113525 -0.00894979014992714 -0.7409442067146301
v -0.47077032923698425 -0.00894979014992714 -0.741777777671814
v -0.5197769999504089 -0.004274435807019472 0.9528395533561707
v -0.6104392409324646 -0.003678186098113656 0.868650496006012
v -0.6098266839981079 0.005047880113124847 0.9536730647087097
v 0.6072310209274292 0.023338230326771736 -0.7526140213012695
v 0.5381152629852295 -0.0025888020172715187 -0.7526140213012695
v 0.6072310209274292 -0.0020542240235954523 -0.6854375004768372
v 0.6072310209274292 -0.008469159714877605 -0.6048256754875183
v 0.4492521286010742 -0.008469159714877605 -0.7526140213012695
v -0.6269789934158325 -0.008469159714877605 -0.6048256754875183
v -0.607231616973877 -0.008469159714877605 0.7790101766586304
v 0.62697833776474 -0.008469159714877605 0.8058807849884033
v -0.38013699650764465 -0.008469159714877605 0.9536690711975098
v 0.5084941983222961 -0.008469159714877605 0.9402338266372681
v 0.62697833776474 0.007835469208657742 0.8999279141426086
v 0.5776099562644958 0.004093423020094633 0.9402338266372681
v 0.62697833776474 0.025476543232798576 0.9402338266372681
v -0.6269789934158325 0.006766313221305609 -0.7391787171363831
v -0.6269789934158325 -0.0041925362311303616 -0.6854375004768372
v -0.547989547252655 -0.008469159714877605 -0.7391787171363831
v -0.4690001308917999 -0.008469159714877605 -0.7391787171363831
v -0.5183685421943665 0.002222399925813079 0.9536690711975098
v -0.607231616973877 0.0032915559131652117 0.8730573058128357
v -0.607231616973877 0.016923295333981514 0.9536690711975098
v -0.626899003982544 -0.0442281998693943 -0.7593910098075867
v -0.6171272397041321 -0.0442281998693943 0.9384847283363342
v 0.6043415069580078 -0.0442281998693943 -0.7593910098075867
v 0.6141132712364197 -0.0442281998693943 0.9384847283363342
v -0.644340991973877 -0.06291130185127258 -0.7355356812477112
v -0.6345126032829285 -0.05708930268883705 0.9541621208190918
v 0.5940386652946472 -0.06291130185127258 -0.7489460110664368
v 0.6038670539855957 -0.05708930268883705 0.9407517910003662
v -0.6298090219497681 -0.044863201677799225 -0.7392343282699585
v -0.6199743747711182 -0.044863201677799225 0.9510179162025452
v 0.6093506217002869 -0.044863201677799225 -0.7526490092277527
v 0.619185209274292 -0.044863201677799225 0.9376031756401062
v -0.6184279918670654 -0.023114999756217003 -0.7281972169876099
v -0.5782740116119385 -0.023114999756217003 0.9670403003692627
v 0.6163074970245361 -0.023114999756217003 -0.7553210258483887
v 0.6564614772796631 -0.023114999756217003 0.9399164915084839
v -0.6001631617546082 -0.05479180067777634 -0.7632049918174744
v -0.6198639869689941 -0.05479180067777634 0.9284961819648743
v 0.63113933801651 -0.05479180067777634 -0.7497788071632385
v 0.611438512802124 -0.05479180067777634 0.9419224262237549
v -0.6349319815635681 -0.026991700753569603 -0.7522959113121033
v -0.6152204275131226 -0.026991700753569603 0.9398967027664185
v 0.5970404744148254 -0.026991700753569603 -0.7657259702682495
v 0.6167520880699158 -0.026991700753569603 0.9264665842056274
vn -1.0341130485562108e-13 0.999997615814209 0.002184694167226553
vn -1.0341130485562108e-13 0.999997615814209 0.002184694167226553
vn -1.0341130485562108e-13 0.999997615814209 0.002184694167226553
vn -1.0341130485562108e-13 0.999997615814209 0.002184694167226553
vn 0.999997615814209 0 0.002184694167226553
vn 0.999997615814209 0 -0.002184694167226553
vn 0.999997615814209 0 -0.002184694167226553
vn 0.9807829260826111 0.19508986175060272 -0.002184694167226553
vn 0.9807829260826111 0.19508986175060272 -0.002184694167226553
vn 0.7071051001548767 0.7071051001548767 0.002184694167226553
vn 0.7071051001548767 0.7071051001548767 0.002184694167226553
vn 0.19508986175060272 0.9807829260826111 0.002184694167226553
vn 0.19508986175060272 0.9807829260826111 0.002184694167226553
vn -0.19508986175060272 0.9807829260826111 0.002184694167226553
vn -0.19508986175060272 0.9807829260826111 0.002184694167226553
vn -0.7071051001548767 0.7071051001548767 0.002184694167226553
vn -0.7071051001548767 0.7071051001548767 0.002184694167226553
vn -0.9807829260826111 0.19508986175060272 0.002184694167226553
vn -0.9807829260826111 0.19508986175060272 0.002184694167226553
vn -0.999997615814209 -2.0682260971124217e-13 0.002184694167226553
vn 0 0 1
vn 0 0 1
vn 0 0 1
vn 0 0 1
vn 0 0 1
vn 0 0 1
vn 0 0 1
vn 0 0 1
vn 0 0 1
vn 0 0 1
vn 0 0 1
vn 0 0 1
vn 0 0 1
vn 0 0 1
vn 0 0 1
vn 0 0 1
vn 0 0 1
vn 0 0 1
vn 0 0 1
vn 0 0 1
vn 0 0 1
vn 3.097898456858039e-13 -0.999997615814209 0.002184694167226553
vn 3.097898456858039e-13 -0.999997615814209 0.002184694167226553
vn 3.097898456858039e-13 -0.999997615814209 0.002184694167226553
vn 3.097898456858039e-13 -0.999997615814209 0.002184694167226553
vn 3.097898456858039e-13 -0.999997615814209 0.002184694167226553
vn 3.097898456858039e-13 -0.999997615814209 0.002184694167226553
vn 3.097898456858039e-13 -0.999997615814209 0.002184694167226553
vn 3.097898456858039e-13 -0.999997615814209 0.002184694167226553
vn 3.097898456858039e-13 -0.999997615814209 0.002184694167226553
vn 3.097898456858039e-13 -0.999997615814209 0.002184694167226553
vn 3.097898456858039e-13 -0.999997615814209 0.002184694167226553
vn 3.097898456858039e-13 -0.999997615814209 0.002184694167226553
vn 3.097898456858039e-13 -0.999997615814209 0.002184694167226553
vn 3.097898456858039e-13 -0.999997615814209 0.002184694167226553
vn 3.097898456858039e-13 -0.999997615814209 0.002184694167226553
vn -6.860055465308587e-14 0.6633741855621338 -0.7482877969741821
vn -6.860055465308587e-14 0.6633741855621338 -0.7482877969741821
vn -6.860055465308587e-14 0.6633741855621338 -0.7482877969741821
vn -6.860055465308587e-14 0.6633741855621338 -0.7482877969741821
vn -2.0682311115474694e-13 0 -1
vn -2.0682311115474694e-13 0 -1
vn -2.0682311115474694e-13 0 -1
vn -2.0682311115474694e-13 0 -1
vn -2.0682311115474694e-13 0 -1
vn -2.0682311115474694e-13 0 -1
vn -2.0682311115474694e-13 0 -1
vn -2.0682311115474694e-13 0 -1
vn -0.999997615814209 -2.0682260971124217e-13 0.002184694167226553
vn -0.999997615814209 -2.0682260971124217e-13 0.002184694167226553
vn -0.999997615814209 -2.0682260971124217e-13 0.002184694167226553
vn -0.999997615814209 -2.0682260971124217e-13 0.002184694167226553
vn -0.999997615814209 -2.0682260971124217e-13 0.002184694167226553
vn -0.6163880825042725 -1.2748329681396692e-13 -0.7874425053596497
vn -0.32598230242729187 0.003779149381443858 -0.9453682899475098
vn -0.6163880825042725 -1.2748329681396692e-13 -0.7874425053596497
vn -0.6163880825042725 -1.2748329681396692e-13 -0.7874425053596497
vn -0.32598230242729187 0.003779149381443858 -0.9453682899475098
vn -2.0682311115474694e-13 0 -1
vn -2.0682311115474694e-13 0 -1
vn 0.3260042071342468 0 -0.9453682899475098
vn 0.3260042071342468 0 -0.9453682899475098
vn 0.6163880825042725 0 -0.7874425053596497
vn 0.6163880825042725 0 -0.7874425053596497
vn 0.6163880825042725 0 -0.7874425053596497
vn -2.0682311115474694e-13 0 -1
vn -2.0682311115474694e-13 0 -1
vn -2.0682311115474694e-13 0 -1
vn -2.0682311115474694e-13 0 -1
vn 0.999997615814209 0 0.002184694167226553
vn 0.999997615814209 0 0.002184694167226553
vn 0.999997615814209 0 0.002184694167226553
vn 0.999997615814209 0 0.002184694167226553
vn 0.999997615814209 0 0.002184694167226553
vn -0.999997615814209 -2.0682260971124217e-13 0.002184694167226553
vn -0.999997615814209 -2.0682260971124217e-13 -0.002184694167226553
vn -0.999997615814209 -2.0682260971124217e-13 -0.002184694167226553
vn -0.9807829260826111 0.19508986175060272 -0.002184694167226553
vn -0.9807829260826111 0.19508986175060272 -0.002184694167226553
vn -0.7071051001548767 0.7071051001548767 0.002184694167226553
vn -0.7071051001548767 0.7071051001548767 0.002184694167226553
vn -0.19508986175060272 0.9807829260826111 0.002184694167226553
vn -0.19508986175060272 0.9807829260826111 0.002184694167226553
vn 0.19508986175060272 0.9807829260826111 0.002184694167226553
vn 0.19508986175060272 0.9807829260826111 0.002184694167226553
vn 0.7071051001548767 0.7071051001548767 0.002184694167226553
vn 0.7071051001548767 0.7071051001548767 0.002184694167226553
vn 0.9807829260826111 0.19508986175060272 0.002184694167226553
vn 0.9807829260826111 0.19508986175060272 0.002184694167226553
vn 0.999997615814209 0 0.002184694167226553
vn 0.999997615814209 0 0.002184694167226553
vn -2.0682311115474694e-13 0 -1
vn -2.0682311115474694e-13 0 -1
vn 0.5884920358657837 0 -0.8085030317306519
vn 0.5884920358657837 0 -0.8085030317306519
vn 0.95159512758255 0 -0.30735430121421814
vn 0.95159512758255 0 -0.30735430121421814
vn 0.95159512758255 0 0.30735430121421814
vn 0.95159512758255 0 0.30735430121421814
vn 0.5884920358657837 0 0.8085030317306519
vn 0.5884920358657837 0 0.8085030317306519
vn 0 0 1
vn 0 0 1
vn -0.5884799361228943 0.0037653555627912283 0.8085030317306519
vn -0.5884799361228943 0.0037653555627912283 0.8085030317306519
vn -0.95159512758255 -1.9681185934455891e-13 0.30735430121421814
vn -0.95159512758255 -1.9681185934455891e-13 0.30735430121421814
vn -0.95159512758255 -1.9681185934455891e-13 -0.30735430121421814
vn -0.95159512758255 -1.9681185934455891e-13 -0.30735430121421814
vn -0.5884798765182495 0.0037807554472237825 -0.8085030317306519
vn -0.5884798765182495 0.0037807554472237825 -0.8085030317306519
vn -2.0682311115474694e-13 0 -1
vn -2.0682311115474694e-13 0 -1
vn 0.999997615814209 0 0.002184694167226553
vn 0.999997615814209 0 0.002184694167226553
vn 0.999997615814209 0 0.002184694167226553
vn 0.999997615814209 0 0.002184694167226553
vn -0.999997615814209 -2.0682260971124217e-13 0.002184694167226553
vn -0.999997615814209 -2.0682260971124217e-13 0.002184694167226553
vn -0.999997615814209 -2.0682260971124217e-13 0.002184694167226553
vn -0.999997615814209 -2.0682260971124217e-13 0.002184694167226553
vn 0 0 1
vn 0 0 1
vn 0 0 1
vn 0 0 1
vn -6.860055465308587e-14 0.6633741855621338 -0.7482877969741821
vn -6.860055465308587e-14 0.6633741855621338 -0.7482877969741821
vn -6.860055465308587e-14 0.6633741855621338 -0.7482877969741821
vn -6.860055465308587e-14 0.6633741855621338 -0.7482877969741821
vn -1.0341130485562108e-13 0.999997615814209 0.002184694167226553
vn -1.0341130485562108e-13 0.999997615814209 0.002184694167226553
vn -1.0341130485562108e-13 0.999997615814209 0.002184694167226553
vn -1.0341130485562108e-13 0.999997615814209 0.002184694167226553
vn -2.0682311115474694e-13 0 -1
vn -2.0682311115474694e-13 0 -1
vn -2.0682311115474694e-13 0 -1
vn -2.0682311115474694e-13 0 -1
vn -2.0682311115474694e-13 0 -1
vn -2.0682311115474694e-13 0 -1
vn -2.0682311115474694e-13 0 -1
vn -2.0682311115474694e-13 0 -1
vn 2.0682311115474694e-13 4.2775797696334704e-26 -1
vn 2.0682311115474694e-13 4.2775797696334704e-26 -1
vn 2.0682311115474694e-13 4.2775797696334704e-26 -1
vn 2.0682311115474694e-13 4.2775797696334704e-26 -1
vn 0 0 1
vn 0 0 1
vn 0 0 1
vn 0 0 1
vn -1.0341130485562108e-13 0.999997615814209 0.002184694167226553
vn -1.0341130485562108e-13 0.999997615814209 0.002184694167226553
vn -1.0341130485562108e-13 0.999997615814209 0.002184694167226553
vn -1.0341130485562108e-13 0.999997615814209 0.002184694167226553
vn -1.0341130485562108e-13 0.999997615814209 -0.002184694167226553
vn -1.0341130485562108e-13 0.999997615814209 -0.002184694167226553
vn -1.0341130485562108e-13 0.999997615814209 -0.002184694167226553
vn -1.0341130485562108e-13 0.999997615814209 0.002184694167226553
vn -1.0341130485562108e-13 0.999997615814209 0.002184694167226553
vn -1.0341130485562108e-13 0.999997615814209 0.002184694167226553
vn -1.0341130485562108e-13 0.999997615814209 0.002184694167226553
vn -1.0341130485562108e-13 0.999997615814209 0.002184694167226553
vn -1.0341130485562108e-13 0.999997615814209 0.002184694167226553
vn -1.0341130485562108e-13 0.999997615814209 0.002184694167226553
vn -1.0341130485562108e-13 0.999997615814209 0.002184694167226553
vn -1.0341130485562108e-13 0.999997615814209 0.002184694167226553
vn -1.0341130485562108e-13 0.999997615814209 0.002184694167226553
vn -1.0341130485562108e-13 0.999997615814209 0.002184694167226553
vn -1.0341130485562108e-13 0.999997615814209 0.002184694167226553
vn -1.0341130485562108e-13 0.999997615814209 0.002184694167226553
vn -1.0341130485562108e-13 0.999997615814209 0.002184694167226553
vn -1.0341130485562108e-13 0.999997615814209 0.002184694167226553
vn -1.0341130485562108e-13 0.999997615814209 0.002184694167226553
vn -1.0341130485562108e-13 0.999997615814209 -0.002184694167226553
vn -1.0341130485562108e-13 0.999997615814209 -0.002184694167226553
vn -1.0341130485562108e-13 0.999997615814209 -0.002184694167226553
vn -1.0341130485562108e-13 0.999997615814209 -0.002184694167226553
vn -1.0341130485562108e-13 0.999997615814209 -0.002184694167226553
vn -1.0341130485562108e-13 0.999997615814209 0.002184694167226553
vn -1.0341130485562108e-13 0.999997615814209 0.002184694167226553
vn -1.0341130485562108e-13 0.999997615814209 0.002184694167226553
vn -1.0341130485562108e-13 0.999997615814209 0.002184694167226553
vn -1.0341130485562108e-13 0.999997615814209 -0.002184694167226553
vn -1.0341130485562108e-13 0.999997615814209 -0.002184694167226553
vn -1.0341130485562108e-13 0.999997615814209 -0.002184694167226553
vn -0.999997615814209 -2.0682260971124217e-13 0.002184694167226553
vn -0.999997615814209 -2.0682260971124217e-13 0.002184694167226553
vn 0.999997615814209 0 0.002184694167226553
vn 0.6392849087715149 0.1644524484872818 -0.7511792182922363
vn 0.6392849087715149 0.1644524484872818 -0.7511792182922363
vn 0.6922798156738281 0 -0.7216291427612305
vn 0.6995753049850464 0.15745806694030762 -0.6969945430755615
vn 0.4472404420375824 -0.4899401068687439 -0.7482877969741821
vn 0.16879327595233917 -0.8074341416358948 -0.5652954578399658
vn 0.16144073009490967 -0.8188798427581787 -0.5507928133010864
vn -0.0037733782082796097 -0.9873023629188538 -0.15880759060382843
vn -0.003775994060561061 -0.9879868030548096 -0.15449213981628418
vn -0.0018859562696889043 -0.9641103148460388 0.26549527049064636
vn -0.0018859562696889043 -0.9641103148460388 0.26549527049064636
vn -0.0018859856063500047 -0.7047832608222961 0.7094202041625977
vn -0.0018859856063500047 -0.7047832608222961 0.7094202041625977
vn -0.007529959548264742 -0.3546820878982544 0.9349566102027893
vn -0.007529959548264742 -0.3546820878982544 0.9349566102027893
vn -0.011218540370464325 -0.21644529700279236 0.976230263710022
vn -0.013127479702234268 -0.22060905396938324 0.9752739667892456
vn -0.01868271268904209 -0.21592910587787628 0.976230263710022
vn -0.6383333802223206 0.16810797154903412 -0.7511792182922363
vn -0.6922798156738281 -1.431794678478926e-13 -0.7216291427612305
vn -0.6383333802223206 0.16810797154903412 -0.7511792182922363
vn -0.6995753049850464 0.15745806694030762 -0.6969945430755615
vn -0.4472404420375824 -0.4899401068687439 -0.7482877969741821
vn -0.16879327595233917 -0.8074341416358948 -0.5652954578399658
vn -0.16144073009490967 -0.8188798427581787 -0.5507928133010864
vn 0.0037733782082796097 -0.9873023629188538 -0.15880759060382843
vn 0.003775994060561061 -0.9879868030548096 -0.15449213981628418
vn 0.005657840054482222 -0.9640955328941345 0.26549527049064636
vn 0.005657840054482222 -0.9640955328941345 0.26549527049064636
vn -0.0018859856063500047 -0.7047832608222961 0.7094202041625977
vn -0.0018859856063500047 -0.7047832608222961 0.7094202041625977
vn 0.007529959548264742 -0.3546820878982544 0.9349566102027893
vn 0.007529959548264742 -0.3546820878982544 0.9349566102027893
vn 0.011218540370464325 -0.21644529700279236 0.976230263710022
vn 0.009379475377500057 -0.22080016136169434 0.9752739667892456
vn 0.01868271268904209 -0.21592910587787628 0.976230263710022
vn -2.2461114863652973e-14 0.21673583984375 -0.976230263710022
vn -0.12970732152462006 0.21456213295459747 -0.9680594801902771
vn -2.2461114863652973e-14 0.21673583984375 -0.976230263710022
vn -0.12970732152462006 0.21456213295459747 -0.9680594801902771
vn -0.5011880397796631 0.1850995123386383 -0.8453097939491272
vn -0.5011880397796631 0.1850995123386383 -0.8453097939491272
vn -0.8668137788772583 0.10554304718971252 -0.48733407258987427
vn -0.8642092347145081 0.10917501151561737 -0.4911448359489441
vn -0.991797149181366 0.03018677607178688 -0.1242060661315918
vn -0.9913519620895386 0.026431676000356674 -0.12854042649269104
vn -0.9966785311698914 -0.045300908386707306 0.06767380982637405
vn -0.9956784248352051 -0.0528111569583416 0.0763898640871048
vn -0.9114252924919128 -0.282642662525177 0.2990269064903259
vn -0.8988695740699768 -0.3039628565311432 0.31565824151039124
vn -0.6216733455657959 -0.6336812376976013 0.46040233969688416
vn -0.6053096652030945 -0.6493303179740906 0.46040233969688416
vn -0.4336993098258972 -0.7813764214515686 0.4487268626689911
vn -0.4336993098258972 -0.7813764214515686 0.4487268626689911
vn -0.0018863033037632704 -0.9402705430984497 0.34042292833328247
vn -0.0018863033037632704 -0.9402705430984497 0.34042292833328247
vn -0.0018863033037632704 -0.9402705430984497 0.34042292833328247
vn -0.0018863033037632704 -0.9402705430984497 0.34042292833328247
vn 0.20749491453170776 -0.8921462297439575 0.401274174451828
vn 0.23128968477249146 -0.8826147317886353 0.40926313400268555
vn -2.2461114863652973e-14 0.21673583984375 -0.976230263710022
vn -2.2461114863652973e-14 0.21673583984375 -0.976230263710022
vn 0.12970732152462006 0.21456213295459747 -0.9680594801902771
vn 0.12970732152462006 0.21456213295459747 -0.9680594801902771
vn 0.5011880397796631 0.1850995123386383 -0.8453097939491272
vn 0.5011880397796631 0.1850995123386383 -0.8453097939491272
vn 0.8668137788772583 0.10554304718971252 -0.48733407258987427
vn 0.8646742105484009 0.10542917996644974 -0.4911448359489441
vn 0.991797149181366 0.03018677607178688 -0.1242060661315918
vn 0.9912441372871399 0.030206535011529922 -0.12854042649269104
vn 0.9966785311698914 -0.045300908386707306 0.06767380982637405
vn 0.9956784248352051 -0.0528111569583416 0.0763898640871048
vn 0.9114252924919128 -0.282642662525177 0.2990269064903259
vn 0.8988695740699768 -0.3039628565311432 0.31565824151039124
vn 0.6189738512039185 -0.6363183259963989 0.46040233969688416
vn 0.608064591884613 -0.6467512249946594 0.46040233969688416
vn 0.23128968477249146 -0.8826147317886353 0.40926313400268555
vn 0.20749491453170776 -0.8921462297439575 0.401274174451828
vn -0.0018874495290219784 0.9696800708770752 0.24437066912651062
vn 0.001886857906356454 0.9717785120010376 0.23588760197162628
vn -0.0018874495290219784 0.9696800708770752 0.24437066912651062
vn 0.001886857906356454 0.9717785120010376 0.23588760197162628
vn -0.0018874495290219784 0.9696800708770752 0.24437066912651062
vn 0.001886857906356454 0.9717785120010376 0.23588760197162628
vn 0.003773011267185211 0.9727944135665894 0.23163928091526031
vn 0.003773011267185211 0.9727944135665894 0.23163928091526031
vn 0.003773011267185211 0.9727944135665894 0.23163928091526031
vn -0.0018861254211515188 0.9738027453422546 0.22738653421401978
vn 0.003773011267185211 0.9727944135665894 0.23163928091526031
vn 0.003773011267185211 0.9727944135665894 0.23163928091526031
vn -0.0018861254211515188 0.9738027453422546 0.22738653421401978
vn 0.003773011267185211 0.9727944135665894 0.23163928091526031
vn -0.3131270110607147 0.9270874261856079 0.2060592919588089
vn -0.0018861254211515188 0.9738027453422546 0.22738653421401978
vn 0.30783993005752563 0.9278979897499084 0.2103329300880432
vn 0.003773011267185211 0.9727944135665894 0.23163928091526031
vn -0.999997615814209 -2.0682260971124217e-13 0.002184694167226553
vn -0.999997615814209 -2.0682260971124217e-13 0.002184694167226553
vn -0.999997615814209 -2.0682260971124217e-13 0.002184694167226553
vn -0.999997615814209 -2.0682260971124217e-13 0.002184694167226553
vn -0.999997615814209 -2.0682260971124217e-13 0.002184694167226553
vn -0.999997615814209 -2.0682260971124217e-13 0.002184694167226553
vn -0.999997615814209 -2.0682260971124217e-13 0.002184694167226553
vn 0.999997615814209 0 -0.002184694167226553
vn 0.999997615814209 0 -0.002184694167226553
vn 0.999997615814209 0 -0.002184694167226553
vn 0.999997615814209 0 -0.002184694167226553
vn 0.999997615814209 0 0.002184694167226553
vn 0.8976966142654419 0.4305132031440735 0.09380380809307098
vn 0.9570833444595337 0.2828123867511749 0.0633138045668602
vn 0.27180781960487366 0.9390849471092224 0.2103329300880432
vn -0.27180781960487366 0.9390849471092224 0.2103329300880432
vn -0.8993216753005981 0.42710819840431213 0.09380380809307098
vn -0.9560073018074036 0.2864286005496979 0.0633138045668602
vn -0.999997615814209 -2.0682260971124217e-13 -0.002184694167226553
vn -0.999997615814209 -2.0682260971124217e-13 -0.002184694167226553
vn -0.999997615814209 -2.0682260971124217e-13 -0.002184694167226553
vn -0.999997615814209 -2.0682260971124217e-13 -0.002184694167226553
vn -0.999997615814209 -2.0682260971124217e-13 -0.002184694167226553
vn 0.0018870825879275799 0.9766996502876282 0.21460255980491638
vn 0.0018870825879275799 0.9766996502876282 0.21460255980491638
vn 0.999997615814209 0 -0.002184694167226553
vn 0.999997615814209 0 -0.002184694167226553
vn 0.999997615814209 0 -0.002184694167226553
vn 0.999997615814209 0 -0.002184694167226553
vn 0.999997615814209 0 0.002184694167226553
vn 0.999997615814209 0 0.002184694167226553
vn 0.999997615814209 0 0.002184694167226553
vn -2.2461114863652973e-14 0.21673583984375 -0.976230263710022
vn -2.2461114863652973e-14 0.21673583984375 -0.976230263710022
vn -2.2461114863652973e-14 0.21673583984375 -0.976230263710022
vn -2.2461114863652973e-14 0.21673583984375 -0.976230263710022
vn 0.999997615814209 0 0.002184694167226553
vn 0.999997615814209 0 0.002184694167226553
vn 0.999997615814209 0 0.002184694167226553
vn 0.999997615814209 0 0.002184694167226553
vn -0.999997615814209 -2.0682260971124217e-13 0.002184694167226553
vn -0.999997615814209 -2.0682260971124217e-13 0.002184694167226553
vn -0.999997615814209 -2.0682260971124217e-13 0.002184694167226553
vn -0.999997615814209 -2.0682260971124217e-13 0.002184694167226553
vn 0.0037799933925271034 -0.7291382551193237 -0.6843559741973877
vn 2.2955387048682885e-13 -0.7409969568252563 -0.6715083718299866
vn 0.0037799933925271034 -0.7291382551193237 -0.6843559741973877
vn -0.0018898396519944072 -0.7350981831550598 -0.677958071231842
vn 0.0037799933925271034 -0.7291382551193237 -0.6843559741973877
vn 2.2955387048682885e-13 -0.7409969568252563 -0.6715083718299866
vn 2.5322525651870487e-13 -0.8174078464508057 -0.5760593414306641
vn 0.0018882822478190064 -0.799406886100769 -0.6007870435714722
vn 2.5322525651870487e-13 -0.8174078464508057 -0.5760593414306641
vn -0.0018869141349568963 -0.9261600375175476 -0.37712597846984863
vn 2.8588435329983397e-13 -0.9228310585021973 -0.3852050006389618
vn -0.0018869141349568963 -0.9261600375175476 -0.37712597846984863
vn 0.0018888411577790976 -0.9727998971939087 -0.23163928091526031
vn 0.0018888411577790976 -0.9727998971939087 -0.23163928091526031
vn 0.0018888411577790976 -0.9727998971939087 -0.23163928091526031
vn 0.0018888411577790976 -0.9727998971939087 -0.23163928091526031
vn 0.0018888411577790976 -0.9727998971939087 -0.23163928091526031
vn 0.0018888411577790976 -0.9727998971939087 -0.23163928091526031
vn 0.0018888411577790976 -0.9727998971939087 -0.23163928091526031
vn 0.003776900703087449 -0.9737972617149353 -0.22738653421401978
vn 0.0018888411577790976 -0.9727998971939087 -0.23163928091526031
vn -0.003776900703087449 -0.9737972617149353 -0.22738653421401978
vn 3.022795230268882e-13 -0.97575443983078 -0.21886809170246124
vn -0.0018880317220464349 -0.9747869968414307 -0.22312943637371063
vn 3.022795230268882e-13 -0.97575443983078 -0.21886809170246124
vn 3.022795230268882e-13 -0.97575443983078 -0.21886809170246124
vn 0.0018870825879275799 -0.9766996502876282 -0.21460255980491638
vn 0.0018870825879275799 -0.9766996502876282 -0.21460255980491638
vn 0.003776900703087449 -0.9737972617149353 -0.22738653421401978
vn 0.0018888411577790976 -0.9727998971939087 -0.23163928091526031
vn -0.0018861618591472507 0.8441384434700012 0.5361219048500061
vn 0.0018848208710551262 0.812340497970581 0.5831804275512695
vn -0.0018861618591472507 0.8441384434700012 0.5361219048500061
vn -8.23958888856828e-14 0.7967764139175415 0.6042742133140564
vn -0.0018861618591472507 0.8441384434700012 0.5361219048500061
vn 0.0018848208710551262 0.812340497970581 0.5831804275512695
vn 0.0018864733865484595 0.7409945726394653 0.6715083718299866
vn -0.001885096076875925 0.7380534410476685 0.67473965883255
vn 0.0018864733865484595 0.7409945726394653 0.6715083718299866
vn 0.0037705707363784313 0.7321215867996216 0.681163489818573
vn 0.0037705707363784313 0.7321215867996216 0.681163489818573
vn 0.0037705707363784313 0.7321215867996216 0.681163489818573
vn 0.0018888411577790976 -0.9727998971939087 -0.23163928091526031
vn 3.097898456858039e-13 -0.999997615814209 0.002184694167226553
vn 3.097898456858039e-13 -0.999997615814209 0.002184694167226553
vn 3.097898456858039e-13 -0.999997615814209 0.002184694167226553
vn 3.097898456858039e-13 -0.999997615814209 0.002184694167226553
vn 3.097898456858039e-13 -0.999997615814209 0.002184694167226553
vn 3.097898456858039e-13 -0.999997615814209 0.002184694167226553
vn 3.097898456858039e-13 -0.999997615814209 0.002184694167226553
vn 3.097898456858039e-13 -0.999997615814209 0.002184694167226553
vn 3.097898456858039e-13 -0.999997615814209 0.002184694167226553
vn 3.097898456858039e-13 -0.999997615814209 0.002184694167226553
vn 3.097898456858039e-13 -0.999997615814209 -0.002184694167226553
vn 3.097898456858039e-13 -0.999997615814209 -0.002184694167226553
vn 3.097898456858039e-13 -0.999997615814209 -0.002184694167226553
vn 3.097898456858039e-13 -0.999997615814209 -0.002184694167226553
vn 3.097898456858039e-13 -0.999997615814209 -0.002184694167226553
vn 3.097898456858039e-13 -0.999997615814209 0.002184694167226553
vn 3.097898456858039e-13 -0.999997615814209 0.002184694167226553
vn 3.097898456858039e-13 -0.999997615814209 0.002184694167226553
vn 3.097898456858039e-13 -0.999997615814209 0.002184694167226553
vn 3.097898456858039e-13 -0.999997615814209 0.002184694167226553
vn 0.999997615814209 0 0.002184694167226553
vn 0.999997615814209 0 0.002184694167226553
vn 0.9917042851448059 0 0.12854042649269104
vn 0.9917042851448059 0 0.12854042649269104
vn 0.8667527437210083 0 0.4987381398677826
vn 0.8667527437210083 0 0.4987381398677826
vn 0.5006305575370789 0 0.865661084651947
vn 0.5006305575370789 0 0.865661084651947
vn 0.13070669770240784 0 0.991421103477478
vn 0.13070669770240784 0 0.991421103477478
vn -0.13070669770240784 -2.703316323777235e-14 0.991421103477478
vn -0.13070669770240784 -2.703316323777235e-14 0.991421103477478
vn -0.5006305575370789 -1.0354196476993274e-13 0.865661084651947
vn -0.5006305575370789 -1.0354196476993274e-13 0.865661084651947
vn -0.8667527437210083 -1.7926449441627718e-13 0.4987381398677826
vn -0.8667527437210083 -1.7926449441627718e-13 0.4987381398677826
vn -0.9916970729827881 0.0037763919681310654 0.12854042649269104
vn -0.9916970729827881 0.0037763919681310654 0.12854042649269104
vn -0.999997615814209 -2.0682260971124217e-13 0.002184694167226553
vn -0.999997615814209 -2.0682260971124217e-13 0.002184694167226553
vn 0.999997615814209 0 0.002184694167226553
vn 0.999997615814209 0 0.002184694167226553
vn 0.9917042851448059 0 -0.12854042649269104
vn 0.9917042851448059 0 -0.12854042649269104
vn 0.8667527437210083 0 -0.4987381398677826
vn 0.8667527437210083 0 -0.4987381398677826
vn 0.5006305575370789 0 -0.865661084651947
vn 0.5006305575370789 0 -0.865661084651947
vn 0.13070669770240784 0 -0.991421103477478
vn 0.13070669770240784 0 -0.991421103477478
vn -0.13070669770240784 -2.6975117763962907e-14 -0.991421103477478
vn -0.13070669770240784 -2.6975117763962907e-14 -0.991421103477478
vn -0.5006305575370789 -1.0354196476993274e-13 -0.865661084651947
vn -0.5006305575370789 -1.0354196476993274e-13 -0.865661084651947
vn -0.8667445182800293 -0.0037766648456454277 -0.4987381398677826
vn -0.8667445182800293 -0.0037766648456454277 -0.4987381398677826
vn -0.9916970729827881 -0.0037763919681310654 -0.12854042649269104
vn -0.9916970729827881 -0.0037763919681310654 -0.12854042649269104
vn -0.999997615814209 -2.0682260971124217e-13 0.002184694167226553
vn -0.999997615814209 -2.0682260971124217e-13 0.002184694167226553
vn -1.0341130485562108e-13 0.999997615814209 0.002184694167226553
vn -1.0341130485562108e-13 0.999997615814209 0.002184694167226553
vn -1.0341130485562108e-13 0.999997615814209 0.002184694167226553
vn -1.0341130485562108e-13 0.999997615814209 0.002184694167226553
vn -1.0341130485562108e-13 0.999997615814209 0.002184694167226553
vn -1.0341130485562108e-13 0.999997615814209 0.002184694167226553
vn -1.0341130485562108e-13 0.999997615814209 -0.002184694167226553
vn -1.0341130485562108e-13 0.999997615814209 0.002184694167226553
vn -1.0341130485562108e-13 0.999997615814209 -0.002184694167226553
vn -1.0341130485562108e-13 0.999997615814209 -0.002184694167226553
vn -1.0341130485562108e-13 0.999997615814209 0.002184694167226553
vn -1.0341130485562108e-13 0.999997615814209 0.002184694167226553
vn -1.0341130485562108e-13 0.999997615814209 0.002184694167226553
vn -1.0341130485562108e-13 0.999997615814209 0.002184694167226553
vn -1.0341130485562108e-13 0.999997615814209 0.002184694167226553
vn -1.0341130485562108e-13 0.999997615814209 0.002184694167226553
vn -1.0341130485562108e-13 0.999997615814209 0.002184694167226553
vn -1.0341130485562108e-13 0.999997615814209 0.002184694167226553
vn -1.0341130485562108e-13 0.999997615814209 0.002184694167226553
vn -1.0341130485562108e-13 0.999997615814209 0.002184694167226553
vn -1.0341130485562108e-13 0.999997615814209 0.002184694167226553
vn -1.0341130485562108e-13 0.999997615814209 0.002184694167226553
vn 0.7526195645332336 0 -0.6584556698799133
vn 0.7526195645332336 0 -0.6584556698799133
vn 0.7526195645332336 0 -0.6584556698799133
vn 0.7526195645332336 0 -0.6584556698799133
vn -0.8774328231811523 0.003770934883505106 0.4796847105026245
vn -0.8774328231811523 0.003770934883505106 0.4796847105026245
vn -0.8774328231811523 0.003770934883505106 0.4796847105026245
vn -0.8774328231811523 0.003770934883505106 0.4796847105026245
vn -0.98198401927948 0.003776020836085081 -0.18892620503902435
vn -0.98198401927948 0.003776020836085081 -0.18892620503902435
vn -0.98198401927948 0.003776020836085081 -0.18892620503902435
vn -0.98198401927948 0.003776020836085081 -0.18892620503902435
vn -0.8815911412239075 -0.003778468118980527 -0.4719987213611603
vn -0.8815911412239075 -0.003778468118980527 -0.4719987213611603
vn -0.8815911412239075 -0.003778468118980527 -0.4719987213611603
vn -0.8815911412239075 -0.003778468118980527 -0.4719987213611603
vn -0.9776298403739929 -2.0219644101399092e-13 0.2103329300880432
vn -0.9776298403739929 -2.0219644101399092e-13 0.2103329300880432
vn -0.9776298403739929 -2.0219644101399092e-13 0.2103329300880432
vn -0.9776298403739929 -2.0219644101399092e-13 0.2103329300880432
vn 0.6401805877685547 0 0.7682244777679443
vn 0.6401805877685547 0 0.7682244777679443
vn 0.6401805877685547 0 0.7682244777679443
vn 0.6401805877685547 0 0.7682244777679443
vn -1.0341130485562108e-13 0.999997615814209 0.002184694167226553
vn -1.0341130485562108e-13 0.999997615814209 0.002184694167226553
vn 3.097898456858039e-13 -0.999997615814209 0.002184694167226553
vn 3.097898456858039e-13 -0.999997615814209 0.002184694167226553
vn 3.097898456858039e-13 -0.999997615814209 0.002184694167226553
vn 3.097898456858039e-13 -0.999997615814209 0.002184694167226553
vn -0.6684585213661194 -0.6897956728935242 0.2781098484992981
vn -0.6926268339157104 -0.6872879862785339 0.21886809170246124
vn 0.6684585213661194 -0.6897956728935242 0.2781098484992981
vn 0.6926268339157104 -0.6872879862785339 0.21886809170246124
vn 0.7398328185081482 0.6251742243766785 -0.24860523641109467
vn 0.7257617115974426 0.6550038456916809 -0.2103329300880432
vn -0.7398328185081482 0.6251742243766785 -0.24860523641109467
vn -0.7232252359390259 0.6578034162521362 -0.2103329300880432
vn -0.6684585213661194 -0.6897956728935242 0.2781098484992981
vn -0.6926268339157104 -0.6872879862785339 0.21886809170246124
vn -0.6999891996383667 -0.6999891996383667 0.1415284425020218
vn 0.6999891996383667 -0.6999891996383667 0.1415284425020218
vn 0.715817391872406 0.6837947368621826 -0.1415284425020218
vn -0.715817391872406 0.6837947368621826 -0.1415284425020218
vn -0.6999891996383667 -0.6999891996383667 0.1415284425020218
vn -0.7282618284225464 0.6762186884880066 -0.1111890971660614
vn -0.6800183653831482 -0.7240357398986816 0.11553031951189041
vn 0.7308253645896912 0.67344731092453 -0.1111890971660614
vn 0.6827638745307922 -0.7214472889900208 0.11553031951189041
vn -0.6800183653831482 -0.7240357398986816 0.11553031951189041
vn -0.0018831926863640547 -0.5598737597465515 0.8285757899284363
vn -0.0018826874438673258 -0.5884889960289001 0.8085030317306519
vn -0.0018877115799114108 -0.9794287085533142 0.2017817199230194
vn -0.0018874495290219784 -0.9696800708770752 0.24437066912651062
vn -0.0037780797574669123 -0.829788327217102 -0.5580654144287109
vn 2.6152626071695995e-13 -0.8417900204658508 -0.5398051738739014
vn -0.00188760319724679 -0.19106177985668182 -0.9815762042999268
vn -0.003785256529226899 -0.15660449862480164 -0.9876541495323181
vn -5.827157739625097e-14 0.563491940498352 -0.8261215686798096
vn 0.0018903875024989247 0.5884889960289001 -0.8085030317306519
vn 0.0018880139105021954 0.9819895029067993 -0.18892620503902435
vn 0.0037733782082796097 0.9873023629188538 -0.15880759060382843
vn -8.23958888856828e-14 0.7967764139175415 0.6042742133140564
vn -0.0018844576552510262 0.8097845911979675 0.5867242813110352
vn -1.1273688349500675e-14 0.10901768505573273 0.9940398335456848
vn 0.0018710092408582568 0.13935284316539764 0.9902410507202148
vn -0.0018831926863640547 -0.5598737597465515 0.8285757899284363
vn -0.0018826874438673258 -0.5884889960289001 0.8085030317306519
vn -7.415398725835534e-14 0.7170764207839966 -0.6969945430755615
vn -7.415398725835534e-14 0.7170764207839966 -0.6969945430755615
vn -7.415398725835534e-14 0.7170764207839966 -0.6969945430755615
vn -7.415398725835534e-14 0.7170764207839966 -0.6969945430755615
vn 0.6503850221633911 0.20775559544563293 0.7306414246559143
vn 0.680240273475647 0.2863556444644928 0.67473965883255
vn -0.6469980478286743 0.20784278213977814 0.7336177229881287
vn -0.6816942095756531 0.2828770875930786 0.67473965883255
vn -0.7531991004943848 -0.1832539141178131 -0.6317508816719055
vn -0.7367139458656311 -0.2663566470146179 -0.6215357780456543
vn 0.7540827393531799 -0.17958316206932068 -0.6317508816719055
vn 0.7367139458656311 -0.2663566470146179 -0.6215357780456543
vn 0.6503850221633911 0.20775559544563293 0.7306414246559143
vn 0.680240273475647 0.2863556444644928 0.67473965883255
vn -0.6588123440742493 0.5084966421127319 0.5544344186782837
vn -0.7616940140724182 -0.43976423144340515 -0.4758462607860565
vn 0.7616940140724182 -0.43976423144340515 -0.4758462607860565
vn 0.6611106991767883 0.5055047869682312 0.5544344186782837
vn -0.7333133816719055 -0.5999822616577148 -0.3198012113571167
vn 0.7333133816719055 -0.5999822616577148 -0.3198012113571167
vn 0.6835115551948547 0.6435156464576721 0.34452807903289795
vn -0.591582179069519 -0.7487412691116333 -0.2990269064903259
vn 0.591582179069519 -0.7487412691116333 -0.2990269064903259
vn 0.7850587964057922 0.5778372883796692 0.22312943637371063
vn -0.7850587964057922 0.5778372883796692 0.22312943637371063
vn -0.6835115551948547 0.6435156464576721 0.34452807903289795
vn 0.7850587964057922 0.5778372883796692 0.22312943637371063
vn 0.6835115551948547 0.6435156464576721 0.34452807903289795
vn 0.6611106991767883 0.5055047869682312 0.5544344186782837
vn 1.488382747399323e-14 -0.048044804483652115 -0.9988451600074768
vn 1.488382747399323e-14 -0.048044804483652115 -0.9988451600074768
vn 1.488382747399323e-14 -0.048044804483652115 -0.9988451600074768
vn 1.488382747399323e-14 -0.048044804483652115 -0.9988451600074768
vn -0.9969037771224976 -0.05659254640340805 -0.05459024757146835
vn -0.9958013296127319 -0.07922361046075821 -0.04586252197623253
vn -0.9892147779464722 0.03773321211338043 -0.1415284425020218
vn -0.974430501461029 0.026429221034049988 -0.22312943637371063
vn -0.9416874051094055 0.1764838695526123 -0.2864931523799896
vn -0.9609434604644775 0.20991908013820648 -0.18033768236637115
vn -0.9808269739151001 0.11295375972986221 -0.15880759060382843
vn -0.9949134588241577 -0.022653281688690186 -0.0981530249118805
vn -0.9969037771224976 -0.05659254640340805 -0.05459024757146835
vn 0.9985088109970093 0 0.05459024757146835
vn 0.9828376173973083 0.12796548008918762 -0.1328723281621933
vn 0.9911288022994995 0.10556445270776749 -0.08074574917554855
vn 0.9370867609977722 0.1801425963640213 -0.2990269064903259
vn 0.9507439136505127 0.12802477180957794 -0.28230419754981995
vn 0.9740572571754456 0.1653621941804886 -0.15449213981628418
vn 0.9873354434967041 0.1579076051712036 0.0152922747656703
vn 0.9945457577705383 0.07543228566646576 0.07203252613544464
vn 0.9975931644439697 0.015104919672012329 0.06767380982637405
vn 0.9951823353767395 0.0980169028043747 -0.002184694167226553
vn 0.9727190732955933 -0.23197589814662933 -0.002184694167226553
vn 0.9951823353767395 0.0980169028043747 -0.002184694167226553
vn 0.9792816638946533 -0.20249100029468536 -0.002184694167226553
vn 0.9591029286384583 -0.283049076795578 0.002184694167226553
vn 0.9836175441741943 -0.18025460839271545 0.002184694167226553
vn 0.9971474409103394 0.07544711232185364 0.002184694167226553
vn 0.9971474409103394 0.07544711232185364 0.002184694167226553
vn 0.9971474409103394 0.07544711232185364 0.002184694167226553
vn -0.9951823353767395 -0.0980169028043747 0.002184694167226553
vn -0.9792816638946533 0.20249100029468536 0.002184694167226553
vn -0.9951823353767395 -0.0980169028043747 0.002184694167226553
vn -0.9727190732955933 0.23197589814662933 0.002184694167226553
vn -0.9727190732955933 0.23197589814662933 -0.002184694167226553
vn -0.9744431972503662 0.22462347149848938 -0.002184694167226553
vn -0.9971474409103394 -0.07544711232185364 -0.002184694167226553
vn -0.9971474409103394 -0.07544711232185364 -0.002184694167226553
vn -0.9971474409103394 -0.07544711232185364 -0.002184694167226553
vn -0.9971474409103394 -0.07544711232185364 -0.002184694167226553
vn 0.0018953474937006831 -0.2039121836423874 -0.9789873361587524
vn 0.0018953474937006831 -0.2039121836423874 -0.9789873361587524
vn 0.0018953474937006831 -0.2039121836423874 -0.9789873361587524
vn 0.0018953474937006831 -0.2039121836423874 -0.9789873361587524
vn -0.0018966591451317072 -0.14367829263210297 -0.9896226525306702
vn 0.003797774901613593 -0.15228596329689026 -0.9883291721343994
vn 0.0018875952810049057 -0.08290162682533264 -0.9965559244155884
vn 0.001898496993817389 -0.07854505628347397 -0.9969087839126587
vn -0.0037817833945155144 -0.06975089013576508 -0.9975572824478149
vn -0.0037817833945155144 -0.06975089013576508 -0.9975572824478149
vn -1.0341130485562108e-13 0.999997615814209 0.002184694167226553
vn -1.0341130485562108e-13 0.999997615814209 0.002184694167226553
vn -1.0341130485562108e-13 0.999997615814209 0.002184694167226553
vn -1.0341130485562108e-13 0.999997615814209 0.002184694167226553
vn -0.0018731803866103292 0.2039123922586441 0.9789873361587524
vn -0.0018731803866103292 0.2039123922586441 0.9789873361587524
vn -0.0018731803866103292 0.2039123922586441 0.9789873361587524
vn -0.0018731803866103292 0.2039123922586441 0.9789873361587524
vn -0.003720864886417985 0.1349860578775406 0.990840494632721
vn -0.0018728610593825579 0.16095328330993652 0.986960232257843
vn -0.0018418359104543924 0.07854640483856201 0.9969087839126587
vn 0.003720331471413374 0.08283961564302444 0.9965559244155884
vn -0.0018595322035253048 0.0698285773396492 0.9975572824478149
vn -0.0018595322035253048 0.0698285773396492 0.9975572824478149
vn 0.9971474409103394 0.07544711232185364 0.002184694167226553
vn 0.00376924779266119 -0.707868754863739 0.7063339352607727
vn 0.00376924779266119 -0.707868754863739 0.7063339352607727
vn 3.097898456858039e-13 -0.999997615814209 -0.002184694167226553
vn 3.097898456858039e-13 -0.999997615814209 -0.002184694167226553
vn 0.0018878303235396743 -0.7078762650489807 -0.7063339352607727
vn 0.0018878303235396743 -0.7078762650489807 -0.7063339352607727
vn 2.0682311115474694e-13 4.2775797696334704e-26 -1
vn 2.0682311115474694e-13 4.2775797696334704e-26 -1
vn 0.0018878303235396743 0.7078762650489807 -0.7063339352607727
vn 0.0018878303235396743 0.7078762650489807 -0.7063339352607727
vn -1.0341130485562108e-13 0.999997615814209 -0.002184694167226553
vn -1.0341130485562108e-13 0.999997615814209 -0.002184694167226553
vn 0.00376924779266119 0.707868754863739 0.7063339352607727
vn 0.00376924779266119 0.707868754863739 0.7063339352607727
vn 0 0 1
vn 0 0 1
vn 0.00376924779266119 -0.707868754863739 0.7063339352607727
vn 0.00376924779266119 -0.707868754863739 0.7063339352607727
vn 0.9378509521484375 -0.24641133844852448 0.24437066912651062
vn 0.9376652836799622 -0.34753286838531494 -0.002184694167226553
vn 0.999997615814209 0 0.002184694167226553
vn 0.9378509521484375 -0.24641133844852448 -0.24437066912651062
vn 0.937261700630188 0 -0.34862664341926575
vn 0.9378509521484375 0.24641133844852448 -0.24437066912651062
vn 0.9376652836799622 0.34753286838531494 -0.002184694167226553
vn 0.9378509521484375 0.24641133844852448 0.24437066912651062
vn 0.937261700630188 0 0.34862664341926575
vn 0.9378509521484375 -0.24641133844852448 0.24437066912651062
vn -0.9388031363487244 -0.24275849759578705 0.24437066912651062
vn -0.937261700630188 -1.9384737955444042e-13 0.34862664341926575
vn -0.999997615814209 -2.0682260971124217e-13 0.002184694167226553
vn -0.9388031363487244 0.24275849759578705 0.24437066912651062
vn -0.9376652836799622 0.34753286838531494 -0.002184694167226553
vn -0.9388031363487244 0.24275849759578705 -0.24437066912651062
vn -0.937261700630188 -1.9384737955444042e-13 -0.34862664341926575
vn -0.9388031363487244 -0.24275849759578705 -0.24437066912651062
vn -0.9376652836799622 -0.34753286838531494 -0.002184694167226553
vn -0.9388031363487244 -0.24275849759578705 0.24437066912651062
vn -0.01510031707584858 0.9996926784515381 0.01966099627315998
vn -0.007551383227109909 0.9999118447303772 0.010923261754214764
vn -0.007551383227109909 0.9999118447303772 0.010923261754214764
vn -1.0341130485562108e-13 0.999997615814209 0.002184694167226553
vn -1.0341130485562108e-13 0.999997615814209 0.002184694167226553
vn -1.0341130485562108e-13 0.999997615814209 0.002184694167226553
vn -1.0341130485562108e-13 0.999997615814209 0.002184694167226553
vn -1.0341130485562108e-13 0.999997615814209 0.002184694167226553
vn -1.0341130485562108e-13 0.999997615814209 0.002184694167226553
vn -1.0341130485562108e-13 0.999997615814209 0.002184694167226553
vn -1.0341130485562108e-13 0.999997615814209 0.002184694167226553
vn -1.0341130485562108e-13 0.999997615814209 0.002184694167226553
vn -1.0341130485562108e-13 0.999997615814209 0.002184694167226553
vn 0.022644642740488052 0.9993401765823364 0.028397228568792343
vn 0.007551383227109909 0.9999118447303772 0.010923261754214764
vn -1.0340933296291988e-13 0.9999785423278809 0.006554040592163801
vn -1.0341130485562108e-13 0.999997615814209 0.002184694167226553
vn 0.007551383227109909 0.9999118447303772 -0.010923261754214764
vn 0.007551383227109909 0.9999118447303772 -0.010923261754214764
vn 0.03018219955265522 0.9988545179367065 -0.03713129088282585
vn -0.0377180390059948 0.9984264373779297 0.04149730131030083
vn -0.02264723740518093 0.99945467710495 0.024029340595006943
vn -0.02264723740518093 0.99945467710495 0.024029340595006943
vn -0.007551815826445818 0.9999691247940063 0.002184694167226553
vn -1.0341130485562108e-13 0.999997615814209 0.002184694167226553
vn -1.0341130485562108e-13 0.999997615814209 0.002184694167226553
vn -1.0341130485562108e-13 0.999997615814209 -0.002184694167226553
vn -0.022649399936199188 0.9995501041412354 -0.01966099627315998
vn -1.0341130485562108e-13 0.999997615814209 -0.002184694167226553
vn -0.022649399936199188 0.9995501041412354 -0.01966099627315998
vn -0.1149420365691185 0.9876093864440918 -0.10684575140476227
vn -0.11298195272684097 0.9882959127426147 -0.10250037163496017
vn -0.1783406138420105 0.9703537821769714 -0.16312000155448914
vn 0.062212418764829636 0.9936450123786926 0.09380380809307098
vn 0.022644642740488052 0.9993401765823364 0.028397228568792343
vn 0.007550950627774 0.999854564666748 0.0152922747656703
vn -1.0341130485562108e-13 0.999997615814209 0.002184694167226553
vn 0.02264723740518093 0.99945467710495 -0.024029340595006943
vn 0.02264723740518093 0.99945467710495 -0.024029340595006943
vn 0.0659777969121933 0.9958103895187378 -0.0633138045668602
vn -0.21691091358661652 0.9503488540649414 0.22312943637371063
vn -0.08109141886234283 0.9930670261383057 0.08510008454322815
vn -0.08109141886234283 0.9930670261383057 0.08510008454322815
vn -0.007551383227109909 0.9999118447303772 0.010923261754214764
vn -0.0075516714714467525 0.9999499917030334 0.006554040592163801
vn -1.0341130485562108e-13 0.999997615814209 0.002184694167226553
vn 0.015101470053195953 0.9997690320014954 -0.0152922747656703
vn -0.0075516714714467525 0.9999499917030334 -0.006554040592163801
vn 0.007551383227109909 0.9999118447303772 -0.010923261754214764
vn -0.0075516714714467525 0.9999499917030334 -0.006554040592163801
vn -0.03772452101111412 0.9985980987548828 -0.03713129088282585
vn -0.03773028776049614 0.9987506866455078 -0.03276457265019417
vn -0.06222933158278465 0.9963192939758301 -0.058952588587999344
vn 0.10541108250617981 0.9836745262145996 0.1458524912595749
vn 0.035861674696207047 0.9980937838554382 0.05022686347365379
vn 0.022644642740488052 0.9993401765823364 0.028397228568792343
vn -1.0341130485562108e-13 0.999997615814209 0.002184694167226553
vn 0.05846231430768967 0.9965474009513855 -0.058952588587999344
vn 0.05844666808843613 0.9962807297706604 -0.0633138045668602
vn 0.10547920316457748 0.9891247749328613 -0.10250037163496017
vn -0.31974169611930847 0.8888959884643555 0.3280687630176544
vn -0.14282909035682678 0.9789417386054993 0.1458524912595749
vn -0.14282909035682678 0.9789417386054993 0.1458524912595749
vn -0.022649399936199188 0.9995501041412354 0.01966099627315998
vn -0.01510031707584858 0.9996926784515381 0.01966099627315998
vn 0.0075516714714467525 0.9999499917030334 0.006554040592163801
vn 0.022641615942120552 0.9992066025733948 -0.03276457265019417
vn -0.05279320478439331 0.9977428913116455 -0.04149730131030083
vn 0.02264723740518093 0.99945467710495 -0.024029340595006943
vn -0.054732099175453186 0.9974472522735596 -0.04586252197623253
vn -0.24834035336971283 0.9426241517066956 -0.22312943637371063
vn -0.23726189136505127 0.947445273399353 -0.21460255980491638
vn -0.3571384847164154 0.8745415806770325 -0.3280687630176544
vn 0.18558263778686523 0.9607802033424377 0.2060592919588089
vn 0.08666235953569412 0.9929600954055786 0.08074574917554855
vn 0.05847683921456337 0.9967950582504272 0.05459024757146835
vn 0.0075516714714467525 0.9999499917030334 0.006554040592163801
vn 0.10928086936473846 0.9867568016052246 -0.11986933648586273
vn 0.10928086936473846 0.9867568016052246 -0.11986933648586273
vn 0.15407653152942657 0.9752131104469299 -0.15880759060382843
vn -1.0341130485562108e-13 0.999997615814209 0.002184694167226553
vn -1.0341130485562108e-13 0.999997615814209 0.002184694167226553
vn -1.0341130485562108e-13 0.999997615814209 0.002184694167226553
vn -1.0341130485562108e-13 0.999997615814209 0.002184694167226553
vn -1.0341130485562108e-13 0.999997615814209 -0.002184694167226553
vn -1.0341130485562108e-13 0.999997615814209 -0.002184694167226553
vn -1.0341130485562108e-13 0.999997615814209 -0.002184694167226553
vn -1.0341130485562108e-13 0.999997615814209 -0.002184694167226553
vn -1.0341130485562108e-13 0.999997615814209 0.002184694167226553
vn -1.0341130485562108e-13 0.999997615814209 0.002184694167226553
vn -1.0341130485562108e-13 0.999997615814209 0.002184694167226553
vn -1.0341130485562108e-13 0.999997615814209 0.002184694167226553
vn -1.0341130485562108e-13 0.999997615814209 0.002184694167226553
vn -1.0341130485562108e-13 0.999997615814209 0.002184694167226553
vn -1.0341130485562108e-13 0.999997615814209 0.002184694167226553
vn -1.0341130485562108e-13 0.999997615814209 0.002184694167226553
vn -1.0341130485562108e-13 0.999997615814209 0.002184694167226553
vn -1.0341130485562108e-13 0.999997615814209 0.002184694167226553
vn -1.0341130485562108e-13 0.999997615814209 0.002184694167226553
vn -1.0341130485562108e-13 0.999997615814209 0.002184694167226553
vn -1.0341130485562108e-13 0.999997615814209 0.002184694167226553
vn -1.0341130485562108e-13 0.999997615814209 0.002184694167226553
vn -1.0341130485562108e-13 0.999997615814209 0.002184694167226553
vn -1.0341130485562108e-13 0.999997615814209 0.002184694167226553
vt 0.12305604666471481 0.8271549940109253
vt 0.12305604666471481 0.9840596914291382
vt 0.008620159700512886 0.8271549940109253
vt 0.008620159700512886 0.9840596914291382
vt 0.9768028259277344 0.3960931599140167
vt 0.9768028259277344 0.39910387992858887
vt 0.973414957523346 0.3960931599140167
vt 0.973414957523346 0.4169272184371948
vt 0.9768028259277344 0.4169272184371948
vt 0.973414957523346 0.42174434661865234
vt 0.9768028259277344 0.42174434661865234
vt 0.973414957523346 0.42668187618255615
vt 0.9768028259277344 0.42668187618255615
vt 0.9768028259277344 0.4302947223186493
vt 0.973414957523346 0.4302947223186493
vt 0.973414957523346 0.4352322816848755
vt 0.9768028259277344 0.4352322816848755
vt 0.973414957523346 0.4400493800640106
vt 0.9768028259277344 0.4400493800640106
vt 0.973414957523346 0.45787274837493896
vt 0.9912286400794983 0.5486754775047302
vt 0.9912286400794983 0.552288293838501
vt 0.9893707633018494 0.5440992116928101
vt 0.9893707633018494 0.5567440986633301
vt 0.9848353862762451 0.5422927737236023
vt 0.9848353862762451 0.5586709976196289
vt 0.9665299654006958 0.5422927737236023
vt 0.9694806933403015 0.5586709976196289
vt 0.9665299654006958 0.5932338237762451
vt 0.9694806933403015 0.5932338237762451
vt 0.9694806933403015 0.6340588927268982
vt 0.9694806933403015 0.674884021282196
vt 0.9665299654006958 0.674884021282196
vt 0.9694806933403015 0.7095672488212585
vt 0.9665299654006958 0.7259454727172852
vt 0.9848353862762451 0.7095672488212585
vt 0.9848353862762451 0.7259454727172852
vt 0.9893707633018494 0.7113736867904663
vt 0.9893707633018494 0.7240186333656311
vt 0.9912286400794983 0.7159499526023865
vt 0.9912286400794983 0.7195627689361572
vt 0.8430365324020386 0.8846695423126221
vt 0.8042945861816406 0.8853921294212341
vt 0.8385558128356934 0.8832244277000427
vt 0.835823655128479 0.8794911503791809
vt 0.835823655128479 0.8747944831848145
vt 0.8337472081184387 0.862390398979187
vt 0.8430365324020386 0.862390398979187
vt 0.8385558128356934 0.8709408044815063
vt 0.8430365324020386 0.8694956302642822
vt 0.8475172519683838 0.8709408044815063
vt 0.8503040671348572 0.8747944831848145
vt 0.8523805141448975 0.862390398979187
vt 0.8817784786224365 0.8853921294212341
vt 0.8503040671348572 0.8794911503791809
vt 0.8475172519683838 0.8832244277000427
vt 0.9854910969734192 0.607805609703064
vt 0.9854910969734192 0.6227386593818665
vt 0.9837425351142883 0.607805609703064
vt 0.9837425351142883 0.6227386593818665
vt 0.8839642405509949 0.5212178826332092
vt 0.8839642405509949 0.5355488061904907
vt 0.8675712943077087 0.5212178826332092
vt 0.8675712943077087 0.5355488061904907
vt 0.882106363773346 0.5401250720024109
vt 0.8694291710853577 0.5401250720024109
vt 0.8775709867477417 0.5419315099716187
vt 0.8739645481109619 0.5419315099716187
vt 0.9211215376853943 0.5077299475669861
vt 0.9211215376853943 0.5326585173606873
vt 0.9154933094978333 0.5077299475669861
vt 0.9042914509773254 0.5326585173606873
vt 0.9042914509773254 0.5176050066947937
vt 0.9825950264930725 0.23544222116470337
vt 0.9825950264930725 0.13066986203193665
vt 0.9856004118919373 0.23544222116470337
vt 0.9856004118919373 0.16812297701835632
vt 0.9856004118919373 0.13066986203193665
vt 0.9825950264930725 0.12139690667390823
vt 0.9856004118919373 0.12139690667390823
vt 0.9856004118919373 0.11200352013111115
vt 0.9825950264930725 0.11200352013111115
vt 0.9856004118919373 0.07467084378004074
vt 0.9856004118919373 0.007351589854806662
vt 0.9825950264930725 0.007351589854806662
vt 0.7015655636787415 0.9487372636795044
vt 0.6998170018196106 0.9487372636795044
vt 0.7015655636787415 0.9430771470069885
vt 0.6998170018196106 0.9430771470069885
vt 0.8322718739509583 0.9600574970245361
vt 0.8322718739509583 0.965717613697052
vt 0.8073546290397644 0.9600574970245361
vt 0.8223814368247986 0.9769174456596375
vt 0.8073546290397644 0.9769174456596375
vt 0.986583948135376 0.4647371470928192
vt 0.9899718165397644 0.4647371470928192
vt 0.986583948135376 0.4676274061203003
vt 0.9899718165397644 0.48545074462890625
vt 0.986583948135376 0.48545074462890625
vt 0.9899718165397644 0.49038830399513245
vt 0.986583948135376 0.49038830399513245
vt 0.9899718165397644 0.49520543217658997
vt 0.986583948135376 0.49520543217658997
vt 0.986583948135376 0.4988182485103607
vt 0.9899718165397644 0.4988182485103607
vt 0.9899718165397644 0.5037558078765869
vt 0.986583948135376 0.5037558078765869
vt 0.9899718165397644 0.5086933374404907
vt 0.986583948135376 0.5086933374404907
vt 0.9899718165397644 0.5263962745666504
vt 0.986583948135376 0.5263962745666504
vt 0.9471316337585449 0.7696608304977417
vt 0.9471316337585449 0.7726715207099915
vt 0.9424323439598083 0.7696608304977417
vt 0.9424323439598083 0.7726715207099915
vt 0.9376783967018127 0.7696608304977417
vt 0.9376783967018127 0.7726715207099915
vt 0.9329791069030762 0.7696608304977417
vt 0.9329791069030762 0.7726715207099915
vt 0.9282797574996948 0.7696608304977417
vt 0.9282797574996948 0.7726715207099915
vt 0.9235804677009583 0.7696608304977417
vt 0.9235804677009583 0.7726715207099915
vt 0.9188811779022217 0.7726715207099915
vt 0.9188811779022217 0.7696608304977417
vt 0.9141818881034851 0.7726715207099915
vt 0.9141818881034851 0.7696608304977417
vt 0.9094825387001038 0.7726715207099915
vt 0.9094825387001038 0.7696608304977417
vt 0.9047832489013672 0.7726715207099915
vt 0.9047832489013672 0.7696608304977417
vt 0.9000839591026306 0.7726715207099915
vt 0.9000839591026306 0.7696608304977417
vt 0.8712323904037476 0.9572876691818237
vt 0.8712323904037476 0.9629477858543396
vt 0.8462604880332947 0.9572876691818237
vt 0.8462604880332947 0.9741475582122803
vt 0.6547910571098328 0.9688487648963928
vt 0.6547910571098328 0.993777334690094
vt 0.6491081714630127 0.9688487648963928
vt 0.6379609704017639 0.9787238240242004
vt 0.5436469912528992 0.9865516424179077
vt 0.5436469912528992 0.9696917533874512
vt 0.54539555311203 0.9865516424179077
vt 0.54539555311203 0.9696917533874512
vt 0.557307779788971 0.9742680191993713
vt 0.5590563416481018 0.9742680191993713
vt 0.557307779788971 0.9892010688781738
vt 0.5590563416481018 0.9892010688781738
vt 0.7437500357627869 0.9307935237884521
vt 0.7437500357627869 0.9325999021530151
vt 0.7287231683731079 0.9307935237884521
vt 0.7287231683731079 0.9325999021530151
vt 0.9094825387001038 0.5764943361282349
vt 0.9058214426040649 0.5764943361282349
vt 0.9139633178710938 0.5745674967765808
vt 0.9013407230377197 0.5745674967765808
vt 0.9158757925033569 0.5701116323471069
vt 0.8994282484054565 0.5701116323471069
vt 0.9158757925033569 0.5556602478027344
vt 0.8994282484054565 0.5556602478027344
vt 0.726318895816803 0.9602983593940735
vt 0.726318895816803 0.9546382427215576
vt 0.7280674576759338 0.9602983593940735
vt 0.7280674576759338 0.9546382427215576
vt 0.9843982458114624 0.6582649350166321
vt 0.9826496839523315 0.6582649350166321
vt 0.9843982458114624 0.6414049863815308
vt 0.9826496839523315 0.6414049863815308
vt 0.9201925992965698 0.7576180100440979
vt 0.9352194666862488 0.7576180100440979
vt 0.9201925992965698 0.7594244480133057
vt 0.9352194666862488 0.7594244480133057
vt 0.7567551136016846 0.8568506836891174
vt 0.7557715177536011 0.8634742498397827
vt 0.7159367203712463 0.8568506836891174
vt 0.7159367203712463 0.8886436820030212
vt 0.6761018633842468 0.8884028196334839
vt 0.7086691856384277 0.9075508713722229
vt 0.7065927386283875 0.9246516823768616
vt 0.7086691856384277 0.9122475981712341
vt 0.7159367203712463 0.9246516823768616
vt 0.7114559412002563 0.9161012768745422
vt 0.7159367203712463 0.9175463914871216
vt 0.7204174399375916 0.9161012768745422
vt 0.7231495976448059 0.9122475981712341
vt 0.7252260446548462 0.9246516823768616
vt 0.7231495976448059 0.9075508713722229
vt 0.7557715177536011 0.8884028196334839
vt 0.7204174399375916 0.9038175940513611
vt 0.7159367203712463 0.9023724794387817
vt 0.7114559412002563 0.9038175940513611
vt 0.6761018633842468 0.8633537888526917
vt 0.6751183271408081 0.8568506836891174
vt 0.674353301525116 0.8633537888526917
vt 0.640529215335846 0.8568506836891174
vt 0.640529215335846 0.8602226972579956
vt 0.6241362690925598 0.8602226972579956
vt 0.674353301525116 0.8884028196334839
vt 0.7575200796127319 0.8884028196334839
vt 0.8077917695045471 0.8602226972579956
vt 0.7575200796127319 0.8634742498397827
vt 0.791344165802002 0.8602226972579956
vt 0.791344165802002 0.8568506836891174
vt 0.9768028259277344 0.45787274837493896
vt 0.6379609704017639 0.993777334690094
vt 0.8613420128822327 0.9741475582122803
vt 0.7957675457000732 0.9844282269477844
vt 0.7938857674598694 0.9857489466667175
vt 0.7765554189682007 0.9562122225761414
vt 0.7746736407279968 0.9574128985404968
vt 0.7753300666809082 0.9535707235336304
vt 0.7866210341453552 0.9241541028022766
vt 0.7850455641746521 0.9235537648200989
vt 0.787540078163147 0.9212724566459656
vt 0.7859645485877991 0.9206721186637878
vt 0.7888967394828796 0.916949987411499
vt 0.7873212099075317 0.9164697527885437
vt 0.7898595333099365 0.9139482975006104
vt 0.7882840037345886 0.9134680032730103
vt 0.7908660769462585 0.910826563835144
vt 0.7892467975616455 0.910346269607544
vt 0.7950673699378967 0.8976190686225891
vt 0.7934918999671936 0.897138774394989
vt 0.7957675457000732 0.8954578042030334
vt 0.7745423316955566 0.9005007147789001
vt 0.7553302049636841 0.9287166595458984
vt 0.772660493850708 0.8991799354553223
vt 0.7534483671188354 0.9273959398269653
vt 0.7541047930717468 0.9312381148338318
vt 0.7653957605361938 0.960774838924408
vt 0.7638202905654907 0.9613751769065857
vt 0.7663148045539856 0.963656485080719
vt 0.7647393345832825 0.9641367197036743
vt 0.7676714658737183 0.9679788947105408
vt 0.7660959959030151 0.9684591889381409
vt 0.7686342597007751 0.9709805846214294
vt 0.767058789730072 0.9714608788490295
vt 0.7696408033370972 0.9741023778915405
vt 0.7680215835571289 0.9745826721191406
vt 0.7738420963287354 0.9873098731040955
vt 0.7722666263580322 0.9877901077270508
vt 0.7745423316955566 0.9894710779190063
vt 0.805964469909668 0.9912720918655396
vt 0.8716095685958862 0.9853887557983398
vt 0.8061832785606384 0.9935534000396729
vt 0.8718283772468567 0.9876700639724731
vt 0.8795307278633118 0.9846683740615845
vt 0.8797495365142822 0.986949622631073
vt 0.8874518871307373 0.9838278889656067
vt 0.8876706957817078 0.98610919713974
vt 0.8953730463981628 0.9831074476242065
vt 0.8955919146537781 0.9853887557983398
vt 0.9023314714431763 0.9822670221328735
vt 0.9031192064285278 0.9844282269477844
vt 0.9061826467514038 0.980586051940918
vt 0.9074955582618713 0.9823870658874512
vt 0.9094648957252502 0.9783047437667847
vt 0.9109090566635132 0.9801057577133179
vt 0.9125720858573914 0.9759033918380737
vt 0.9144976735115051 0.9775843620300293
vt 0.9913899898529053 0.010076399892568588
vt 0.9939720034599304 0.010076399892568588
vt 0.9913899898529053 0.12582194805145264
vt 0.9939720034599304 0.12582194805145264
vt 0.9913899898529053 0.24156750738620758
vt 0.9939720034599304 0.24156750738620758
vt 0.9913024306297302 0.38672971725463867
vt 0.9890267252922058 0.3868497908115387
vt 0.9877138137817383 0.3208123743534088
vt 0.9854381680488586 0.32093244791030884
vt 0.9873199462890625 0.31288790702819824
vt 0.985000491142273 0.3130079507827759
vt 0.9869698882102966 0.3049634099006653
vt 0.9846941828727722 0.3050834834575653
vt 0.9866635203361511 0.2970389127731323
vt 0.9843440651893616 0.29715898633003235
vt 0.9864009618759155 0.2900749742984772
vt 0.9841690063476562 0.28959470987319946
vt 0.9875825643539429 0.28599265217781067
vt 0.9855256676673889 0.2849120497703552
vt 0.9893330931663513 0.28239062428474426
vt 0.9873637557029724 0.2811899483203888
vt 0.9913024306297302 0.2790287137031555
vt 0.9893330931663513 0.27734777331352234
vt 0.980492889881134 0.9867095351219177
vt 0.9728780388832092 0.9867095351219177
vt 0.980492889881134 0.863879919052124
vt 0.9728780388832092 0.863879919052124
vt 0.980492889881134 0.7410503625869751
vt 0.9728780388832092 0.7410503625869751
vt 0.9651756882667542 0.9846683740615845
vt 0.9651756882667542 0.863879919052124
vt 0.9651756882667542 0.7430915236473083
vt 0.9595739841461182 0.863879919052124
vt 0.9595739841461182 0.9790251851081848
vt 0.9595739841461182 0.748734712600708
vt 0.9575170874595642 0.8223364353179932
vt 0.9575170874595642 0.7564190626144409
vt 0.9519591331481934 0.8223364353179932
vt 0.9575170874595642 0.9054234623908997
vt 0.9519591331481934 0.9054234623908997
vt 0.9575170874595642 0.9713408350944519
vt 0.8792681097984314 0.9460064768791199
vt 0.8593995571136475 0.9188711047172546
vt 0.8792681097984314 0.9083051085472107
vt 0.8653513789176941 0.9083051085472107
vt 0.862244188785553 0.9091455936431885
vt 0.8590056896209717 0.915869414806366
vt 0.860187292098999 0.9114269018173218
vt 0.9487206339836121 0.9273959398269653
vt 0.9443443417549133 0.9284765124320984
vt 0.9510400891304016 0.9253547787666321
vt 0.9414121508598328 0.9281163215637207
vt 0.9519153833389282 0.922232985496521
vt 0.916510820388794 0.9086652994155884
vt 0.9520028829574585 0.9083051085472107
vt 0.9142351150512695 0.9054234623908997
vt 0.9142351150512695 0.8223364353179932
vt 0.916510820388794 0.8190945982933044
vt 0.9520028829574585 0.8194547891616821
vt 0.9519153833389282 0.8055269122123718
vt 0.9414121508598328 0.7996435761451721
vt 0.9510400891304016 0.8024051189422607
vt 0.9443443417549133 0.7992833852767944
vt 0.9487206339836121 0.8003639578819275
vt 0.892440915107727 0.8486313223838806
vt 0.892440915107727 0.8791285753250122
vt 0.9433377385139465 0.9428846836090088
vt 0.9433377385139465 0.980586051940918
vt 0.9234691858291626 0.970020055770874
vt 0.9294210076332092 0.980586051940918
vt 0.9263138175010681 0.9796255230903625
vt 0.9230753183364868 0.9729017019271851
vt 0.9242569208145142 0.9773442149162292
vt 0.6660966277122498 0.9335193634033203
vt 0.6355059742927551 0.9335193634033203
vt 0.6660966277122498 0.9312381148338318
vt 0.6355059742927551 0.9312381148338318
vt 0.8687211871147156 0.8481510281562805
vt 0.8664454817771912 0.8481510281562805
vt 0.8687211871147156 0.8425078392028809
vt 0.8664454817771912 0.8425078392028809
vt 0.9065327644348145 0.7958014011383057
vt 0.9065327644348145 0.7902782559394836
vt 0.9088084101676941 0.7958014011383057
vt 0.9088084101676941 0.7902782559394836
vt 0.8604061007499695 0.5897647142410278
vt 0.8617627620697021 0.5844817161560059
vt 0.8603623509407043 0.7039493918418884
vt 0.8617627620697021 0.7039493918418884
vt 0.8604061007499695 0.818134069442749
vt 0.8617627620697021 0.8234170079231262
vt 0.8647387027740479 0.5818402171134949
vt 0.8647387027740479 0.7039493918418884
vt 0.8647387027740479 0.8260585069656372
vt 0.8688961863517761 0.5809997320175171
vt 0.8688961863517761 0.7039493918418884
vt 0.8688961863517761 0.8267789483070374
vt 0.8758983612060547 0.5809997320175171
vt 0.8758983612060547 0.7039493918418884
vt 0.8758983612060547 0.8267789483070374
vt 0.8836007118225098 0.5830408930778503
vt 0.8835569620132446 0.7039493918418884
vt 0.8836007118225098 0.8247377872467041
vt 0.8892024159431458 0.58868408203125
vt 0.8886772394180298 0.7039493918418884
vt 0.8892024159431458 0.8190945982933044
vt 0.8912593126296997 0.6622858047485352
vt 0.8968172669410706 0.6622858047485352
vt 0.8968172669410706 0.7454928755760193
vt 0.9345412850379944 0.6622858047485352
vt 0.9345412850379944 0.7454928755760193
vt 0.9563354849815369 0.6885806918144226
vt 0.9563354849815369 0.7191979885101318
vt 0.8912593126296997 0.7454928755760193
vt 0.8912593126296997 0.8114102482795715
vt 0.980492889881134 0.7410503625869751
vt 0.9852192997932434 0.7417708039283752
vt 0.980492889881134 0.863879919052124
vt 0.9852192997932434 0.863879919052124
vt 0.980492889881134 0.9867095351219177
vt 0.9852192997932434 0.9859890937805176
vt 0.9884577989578247 0.7444123029708862
vt 0.9884577989578247 0.863879919052124
vt 0.9884577989578247 0.9833475947380066
vt 0.9907772541046143 0.7481343746185303
vt 0.9907772541046143 0.863879919052124
vt 0.9907772541046143 0.9796255230903625
vt 0.8912593126296997 0.5963684320449829
vt 0.556215763092041 0.014758660458028316
vt 0.559444785118103 0.026732314378023148
vt 0.5474615693092346 0.0059296018444001675
vt 0.559444785118103 0.37747570872306824
vt 0.5474615693092346 0.39839938282966614
vt 0.556215763092041 0.38957032561302185
vt 0.5354065895080566 0.4015439748764038
vt 0.5354065895080566 0.0026640600990504026
vt 0.15452678501605988 0.0026640600990504026
vt 0.44506600499153137 0.3864257037639618
vt 0.1279771327972412 0.017177579924464226
vt 0.42770111560821533 0.4015439748764038
vt 0.08470839262008667 0.017177579924464226
vt 0.057584699243307114 0.0026640600990504026
vt 0.028882378712296486 0.4015439748764038
vt 0.028882378712296486 0.0026640600990504026
vt 0.016827404499053955 0.0059296018444001675
vt 0.016827404499053955 0.39839938282966614
vt 0.004772429820150137 0.026732314378023148
vt 0.004772429820150137 0.37747570872306824
vt 0.5854921340942383 0.006171493791043758
vt 0.5918784141540527 0.006171493791043758
vt 0.5861379504203796 0.3739682734012604
vt 0.5925241708755493 0.3739682734012604
vt 0.5861379504203796 0.3866676092147827
vt 0.5925241708755493 0.3866676092147827
vt 0.5861379504203796 0.3994878828525543
vt 0.5925241708755493 0.3994878828525543
vt 0.5861379504203796 0.4123081564903259
vt 0.5925241708755493 0.4123081564903259
vt 0.5861379504203796 0.771396815776825
vt 0.5925241708755493 0.771396815776825
vt 0.5861379504203796 0.784217119216919
vt 0.5925241708755493 0.784217119216919
vt 0.5861379504203796 0.7969164252281189
vt 0.5925241708755493 0.7969164252281189
vt 0.5861379504203796 0.8097367286682129
vt 0.5925241708755493 0.8097367286682129
vt 0.5861379504203796 0.8391265869140625
vt 0.5925241708755493 0.8391265869140625
vt 0.5702081322669983 0.005808656103909016
vt 0.5765944123268127 0.005808656103909016
vt 0.5702081322669983 0.08442355692386627
vt 0.5765944123268127 0.08442355692386627
vt 0.5702081322669983 0.09700194001197815
vt 0.5765944123268127 0.09700194001197815
vt 0.5702081322669983 0.10958032310009003
vt 0.5765944123268127 0.10958032310009003
vt 0.5702081322669983 0.12227965146303177
vt 0.5765944123268127 0.12227965146303177
vt 0.5702081322669983 0.47737711668014526
vt 0.5765944123268127 0.47737711668014526
vt 0.5702081322669983 0.48995548486709595
vt 0.5765944123268127 0.48995548486709595
vt 0.5702081322669983 0.5026548504829407
vt 0.5765944123268127 0.5026548504829407
vt 0.5702081322669983 0.5152332186698914
vt 0.5765944123268127 0.5152332186698914
vt 0.5705668926239014 0.8787968754768372
vt 0.5769531726837158 0.8787968754768372
vt 0.009436557069420815 0.42270952463150024
vt 0.01826252043247223 0.41388046741485596
vt 0.006207546219229698 0.43480411171913147
vt 0.01826252043247223 0.8063502311706543
vt 0.006207546219229698 0.7855474948883057
vt 0.009436557069420815 0.79752117395401
vt 0.03031749464571476 0.8096157908439636
vt 0.03031749464571476 0.41061490774154663
vt 0.411125510931015 0.41061490774154663
vt 0.12065804749727249 0.79437655210495
vt 0.43774694204330444 0.42512843012809753
vt 0.13802294433116913 0.8096157908439636
vt 0.481015682220459 0.42512843012809753
vt 0.5081393718719482 0.41061490774154663
vt 0.5368416905403137 0.8096157908439636
vt 0.5368416905403137 0.41061490774154663
vt 0.5488966703414917 0.41388046741485596
vt 0.5488966703414917 0.8063502311706543
vt 0.5609516501426697 0.7855474948883057
vt 0.5577226281166077 0.79752117395401
vt 0.5609516501426697 0.43480411171913147
vt 0.5577226281166077 0.42270952463150024
vt 0.4381057024002075 0.9905509948730469
vt 0.4381057024002075 0.9674503207206726
vt 0.44434845447540283 0.9905509948730469
vt 0.44434845447540283 0.9674503207206726
vt 0.41105377674102783 0.9630962610244751
vt 0.41729652881622314 0.9630962610244751
vt 0.41105377674102783 0.9933327436447144
vt 0.41729652881622314 0.9933327436447144
vt 0.4294232428073883 0.9682969450950623
vt 0.4294232428073883 0.9913976192474365
vt 0.423180490732193 0.9682969450950623
vt 0.423180490732193 0.9913976192474365
vt 0.39634382724761963 0.9930908679962158
vt 0.39634382724761963 0.9623705744743347
vt 0.40258657932281494 0.9930908679962158
vt 0.40258657932281494 0.9623705744743347
vt 0.460780531167984 0.9697482585906982
vt 0.460780531167984 0.9907928705215454
vt 0.4545377790927887 0.9697482585906982
vt 0.4545377790927887 0.9907928705215454
vt 0.476064532995224 0.9912766814231873
vt 0.4697500169277191 0.9912766814231873
vt 0.476064532995224 0.9714415073394775
vt 0.4697500169277191 0.9714415073394775
vt 0.4604935050010681 0.4207743704319
vt 0.10795727372169495 0.8096157908439636
vt 0.00800144113600254 0.38957032561302185
vt 0.10523054748773575 0.012702577747404575
vt 0.4577668011188507 0.4015439748764038
vt 0.00800144113600254 0.014758660458028316
vt 0.8184243440628052 0.8996644616127014
vt 0.8270059823989868 0.8997107744216919
vt 0.8184243440628052 0.9004982113838196
vt 0.8270059823989868 0.9005445241928101
vt 0.818543553352356 0.9013319611549377
vt 0.8269463777542114 0.9013782739639282
vt 0.818543553352356 0.9021657109260559
vt 0.8269463777542114 0.9022120237350464
vt 0.8184243440628052 0.9029994606971741
vt 0.8269463777542114 0.9030457735061646
vt 0.8355280160903931 0.8996644616127014
vt 0.8355280160903931 0.9004982113838196
vt 0.8354684114456177 0.9013782739639282
vt 0.8354684114456177 0.9022120237350464
vt 0.8355280160903931 0.9030457735061646
vt 0.8457186222076416 0.9021657109260559
vt 0.845778226852417 0.9029531478881836
vt 0.845659077167511 0.9013782739639282
vt 0.845778226852417 0.9005445241928101
vt 0.845778226852417 0.8997107744216919
vt 0.9478636384010315 0.6310119032859802
vt 0.9199733734130859 0.6310119032859802
vt 0.9474464654922485 0.6283717155456543
vt 0.9200925827026367 0.6283717155456543
vt 0.9472676515579224 0.6256852149963379
vt 0.9213440418243408 0.6256852149963379
vt 0.947088897228241 0.6230449676513672
vt 0.9211652874946594 0.6230449676513672
vt 0.9469696879386902 0.6203584671020508
vt 0.9209864735603333 0.6203584671020508
vt 0.9467909336090088 0.6177182793617249
vt 0.9208077192306519 0.6177182793617249
vt 0.946671724319458 0.6150317192077637
vt 0.9206885099411011 0.6150317192077637
vt 0.9477444291114807 0.6123915314674377
vt 0.9204501509666443 0.6123915314674377
vt 0.9478636384010315 0.6097049713134766
vt 0.9199733734130859 0.6097049713134766
vt 0.5038250088691711 0.9883197546005249
vt 0.5046592950820923 0.9883197546005249
vt 0.5038250088691711 0.9891071915626526
vt 0.5046592950820923 0.9891071915626526
vt 0.9085312485694885 0.9262980818748474
vt 0.9085312485694885 0.9324122667312622
vt 0.9076969027519226 0.9262980818748474
vt 0.9076969027519226 0.9323659539222717
vt 0.9068626165390015 0.9264833927154541
vt 0.9068030118942261 0.9324585795402527
vt 0.9060282707214355 0.9264833927154541
vt 0.9059686660766602 0.9324585795402527
vt 0.9051939845085144 0.9262980818748474
vt 0.9050747752189636 0.9323659539222717
vt 0.907637357711792 0.9397770166397095
vt 0.9068030118942261 0.9399623274803162
vt 0.9059686660766602 0.9399160146713257
vt 0.905134379863739 0.9397770166397095
vt 0.9068626165390015 0.9469102025032043
vt 0.9060282707214355 0.9469102025032043
vt 0.905253529548645 0.9466323256492615
vt 0.9069222211837769 0.954043447971344
vt 0.9061474800109863 0.954043447971344
vt 0.9054323434829712 0.9537655115127563
vt 0.9075777530670166 0.9537191987037659
vt 0.907637357711792 0.9466323256492615
vt 0.9084120392799377 0.9537655115127563
vt 0.9084120392799377 0.9466323256492615
vt 0.9084716439247131 0.9397770166397095
vt 0.5191407799720764 0.9692825078964233
vt 0.5191407799720764 0.9701162576675415
vt 0.5183064341545105 0.9692825078964233
vt 0.5183064341545105 0.9701162576675415
vt 0.9873747825622559 0.6842328906059265
vt 0.9854677319526672 0.6823801398277283
vt 0.9886858463287354 0.6809905767440796
vt 0.9854081273078918 0.6796936392784119
vt 0.9874939322471619 0.6776092648506165
vt 0.990175724029541 0.6777018904685974
vt 0.9919635653495789 0.6796936392784119
vt 0.9919039607048035 0.6823801398277283
vt 0.9900565147399902 0.6842328906059265
vt 0.8905932903289795 0.9711352586746216
vt 0.8879115581512451 0.9711352586746216
vt 0.8892822265625 0.9678929448127747
vt 0.8858853578567505 0.9690971970558167
vt 0.8859449625015259 0.9664570093154907
vt 0.8879115581512451 0.9646042585372925
vt 0.8905932903289795 0.964650571346283
vt 0.8925003409385681 0.9665496349334717
vt 0.8925003409385681 0.9692361950874329
vt 0.27228376269340515 0.9165997505187988
vt 0.27192795276641846 0.9104992747306824
vt 0.6210438013076782 0.9165997505187988
vt 0.6206168532371521 0.9104992747306824
vt 0.6201187372207642 0.9043988585472107
vt 0.2713586688041687 0.9043988585472107
vt 0.26865455508232117 0.8983500599861145
vt 0.617485761642456 0.8983500599861145
vt 0.6176992654800415 0.892249584197998
vt 0.6241748929023743 0.9300414323806763
vt 0.6238902807235718 0.9360901713371277
vt 0.2754148542881012 0.9300414323806763
vt 0.2751302123069763 0.9360901713371277
vt 0.6236056089401245 0.9421906471252441
vt 0.27484557032585144 0.9421906471252441
vt 0.6239614486694336 0.9482911229133606
vt 0.27520138025283813 0.9482911229133606
vt 0.273920476436615 0.954339861869812
vt 0.6226805448532104 0.954339861869812
vt 0.2646695375442505 0.8792732357978821
vt 0.2655234634876251 0.8742067217826843
vt 0.5569989085197449 0.8792732357978821
vt 0.5579240322113037 0.8742067217826843
vt 0.5559315085411072 0.8691402673721313
vt 0.2633174955844879 0.8691402673721313
vt 0.265096515417099 0.8640737533569336
vt 0.5577105283737183 0.8640737533569336
vt 0.2646695375442505 0.8589555621147156
vt 0.5572124123573303 0.8589555621147156
vt 0.6171299815177917 0.530875027179718
vt 0.8459837436676025 0.530875027179718
vt 0.6171299815177917 0.8443248271942139
vt 0.8459837436676025 0.8443248271942139
vt 0.5569989085197449 0.8296940922737122
vt 0.5557180047035217 0.8348122239112854
vt 0.2644560635089874 0.8296940922737122
vt 0.26310399174690247 0.8348122239112854
vt 0.5569989085197449 0.8398787379264832
vt 0.26452723145484924 0.8398787379264832
vt 0.5599876642227173 0.8449451923370361
vt 0.26758715510368347 0.8449451923370361
vt 0.26708900928497314 0.8500633835792542
vt 0.5595607161521912 0.8500633835792542
vt 0.26886802911758423 0.892249584197998
vt 0.37058025598526 0.9880040884017944
vt 0.2807709872722626 0.9880021810531616
vt 0.37058025598526 0.9860554337501526
vt 0.2807709872722626 0.9860554337501526
vt 0.37058025598526 0.9841068387031555
vt 0.2807709872722626 0.9841068387031555
vt 0.37058025598526 0.9821581840515137
vt 0.2807709872722626 0.9821581840515137
vt 0.37058025598526 0.9802114963531494
vt 0.2807709872722626 0.9802095890045166
vt 0.37058025598526 0.9782628417015076
vt 0.2807709872722626 0.9782628417015076
vt 0.37058025598526 0.9763123393058777
vt 0.2807709872722626 0.9763142466545105
vt 0.37058025598526 0.9743655920028687
vt 0.2807709872722626 0.9743655920028687
vt 0.37058025598526 0.9724169969558716
vt 0.2807709872722626 0.9724189043045044
vt 0.7419321537017822 0.9767271876335144
vt 0.7435815930366516 0.9757471680641174
vt 0.7440366148948669 0.9784265160560608
vt 0.7455154061317444 0.9761448502540588
vt 0.7466529607772827 0.9777185916900635
vt 0.746425449848175 0.9796558022499084
vt 0.7450035214424133 0.980961263179779
vt 0.7430697083473206 0.980961263179779
vt 0.7415908575057983 0.9796558022499084
vt 0.7414202690124512 0.9777185916900635
vt 0.6963734030723572 0.9797947406768799
vt 0.6953496336936951 0.981431245803833
vt 0.6937001943588257 0.9792390465736389
vt 0.6934158205986023 0.9819393754005432
vt 0.6917095184326172 0.9810582995414734
vt 0.6910269856452942 0.9792390465736389
vt 0.6917095184326172 0.9774198532104492
vt 0.6934158205986023 0.9765387773513794
vt 0.6953496336936951 0.9770469069480896
vt 0.6963734030723572 0.9786834120750427
vt 0.25473493337631226 0.9803119897842407
vt 0.24807465076446533 0.9803119897842407
vt 0.25473493337631226 0.9738729596138
vt 0.25473493337631226 0.9669740200042725
vt 0.24023903906345367 0.9803119897842407
vt 0.1401669979095459 0.9678938388824463
vt 0.1401669979095459 0.8398798704147339
vt 0.25473493337631226 0.8352805376052856
vt 0.16098736226558685 0.823399007320404
vt 0.24365313351154327 0.823399007320404
vt 0.25473493337631226 0.8276916742324829
vt 0.24980968236923218 0.823399007320404
vt 0.25473493337631226 0.823399007320404
vt 0.1401669979095459 0.9803119897842407
vt 0.1401669979095459 0.9755593538284302
vt 0.1476668119430542 0.9803119897842407
vt 0.15466289222240448 0.9803119897842407
vt 0.14845037460327148 0.823399007320404
vt 0.1401669979095459 0.8312944769859314
vt 0.1401669979095459 0.823399007320404
vt 0.25474196672439575 0.9803119897842407
vt 0.2481309026479721 0.9803119897842407
vt 0.25474196672439575 0.9738686680793762
vt 0.25474196672439575 0.966888427734375
vt 0.24023126065731049 0.9803119897842407
vt 0.14016899466514587 0.9678856134414673
vt 0.14016899466514587 0.8398634791374207
vt 0.25474196672439575 0.8352611064910889
vt 0.16101063787937164 0.8233717083930969
vt 0.24364884197711945 0.8233717083930969
vt 0.2547979950904846 0.827667236328125
vt 0.24981167912483215 0.8233717083930969
vt 0.2548540234565735 0.823294997215271
vt 0.14016899466514587 0.9803119897842407
vt 0.14016899466514587 0.9754794836044312
vt 0.1476764678955078 0.9803119897842407
vt 0.15467970073223114 0.9803119897842407
vt 0.14851686358451843 0.8233717083930969
vt 0.14016899466514587 0.8312724232673645
vt 0.14016899466514587 0.8233717083930969
vt 0.25495490431785583 0.9805610179901123
vt 0.24811379611492157 0.9804073572158813
vt 0.2547867000102997 0.9739540219306946
vt 0.2547867000102997 0.9670397043228149
vt 0.24026334285736084 0.9803305268287659
vt 0.1402260810136795 0.967807948589325
vt 0.1403382271528244 0.8398165106773376
vt 0.25495490431785583 0.8353606462478638
vt 0.16119800508022308 0.8233758211135864
vt 0.24385212361812592 0.8234526515007019
vt 0.25495490431785583 0.8278316855430603
vt 0.2500203251838684 0.8234526515007019
vt 0.25495490431785583 0.8234526515007019
vt 0.14016999304294586 0.9803305268287659
vt 0.1402260810136795 0.9754905104637146
vt 0.14774008095264435 0.9802536964416504
vt 0.1546933501958847 0.9802536964416504
vt 0.14869335293769836 0.8233758211135864
vt 0.1403382271528244 0.831212043762207
vt 0.1403382271528244 0.823298990726471
vt 0.9615222811698914 0.500762403011322
vt 0.9396254420280457 0.49950531125068665
vt 0.9602548480033875 0.4794520139694214
vt 0.960167407989502 0.457902193069458
vt 0.9151499271392822 0.49944543838500977
vt 0.6041358709335327 0.46089521050453186
vt 0.6040047407150269 0.06318138539791107
vt 0.9600362777709961 0.04875498265028
vt 0.6686463952064514 0.011880854144692421
vt 0.9255957007408142 0.011820993386209011
vt 0.9605170488357544 0.024750882759690285
vt 0.9450013041496277 0.011461829766631126
vt 0.9615222811698914 0.010444199666380882
vt 0.6037425398826599 0.49992433190345764
vt 0.6040921807289124 0.48471972346305847
vt 0.6274750232696533 0.49956515431404114
vt 0.6491096615791321 0.49956515431404114
vt 0.6296603679656982 0.011761133559048176
vt 0.6038299202919006 0.036244120448827744
vt 0.6035240292549133 0.011401969939470291
vt 0.008620180189609528 0.9840596914291382
vt 0.008620180189609528 0.8271549940109253
vt 0.12305594235658646 0.9840596914291382
vt 0.12305594235658646 0.8271549940109253
vt 0.008620129898190498 0.9840599894523621
vt 0.008620129898190498 0.8271539807319641
vt 0.12305601686239243 0.9840599894523621
vt 0.12305601686239243 0.8271539807319641
vt 0.008620129898190498 0.9840596914291382
vt 0.008620129898190498 0.8271549940109253
vt 0.12305601686239243 0.9840596914291382
vt 0.12305601686239243 0.8271549940109253
vt 0.008620159700512886 0.9840596914291382
vt 0.008620159700512886 0.8271549940109253
vt 0.12305604666471481 0.9840596914291382
vt 0.12305604666471481 0.8271549940109253
vt 0.12305594235658646 0.8271549940109253
vt 0.12305594235658646 0.9840596914291382
vt 0.008620180189609528 0.8271549940109253
vt 0.008620180189609528 0.9840596914291382
vt 0.008620070293545723 0.9840596914291382
vt 0.008620070293545723 0.8271549940109253
vt 0.12305595725774765 0.9840596914291382
vt 0.12305595725774765 0.8271549940109253
s on
f 1/1/1 2/2/2 3/3/3
f 2/2/2 4/4/4 3/3/3
f 3/3/3 4/4/4 4/4/4
f 4/4/4 5/5/5 4/4/4
f 4/4/4 5/5/5 5/5/5
f 5/5/5 6/6/6 5/5/5
f 5/5/5 6/6/6 7/7/7
f 6/6/6 8/8/8 7/7/7
f 7/7/7 8/8/8 8/8/8
f 8/8/8 6/6/6 8/8/8
f 8/8/8 6/6/6 6/6/6
f 6/6/6 9/9/9 6/6/6
f 6/6/6 9/9/9 8/8/8
f 9/9/9 10/10/10 8/8/8
f 8/8/8 10/10/10 10/10/10
f 10/10/10 9/9/9 10/10/10
f 10/10/10 9/9/9 9/9/9
f 9/9/9 11/11/11 9/9/9
f 9/9/9 11/11/11 10/10/10
f 11/11/11 12/12/12 10/10/10
f 10/10/10 12/12/12 12/12/12
f 12/12/12 11/11/11 12/12/12
f 12/12/12 11/11/11 11/11/11
f 11/11/11 13/13/13 11/11/11
f 11/11/11 13/13/13 12/12/12
f 13/13/13 14/14/14 12/12/12
f 12/12/12 14/14/14 15/15/15
f 14/14/14 16/16/16 15/15/15
f 15/15/15 16/16/16 16/16/16
f 16/16/16 14/14/14 16/16/16
f 16/16/16 14/14/14 14/14/14
f 14/14/14 17/17/17 14/14/14
f 14/14/14 17/17/17 16/16/16
f 17/17/17 18/18/18 16/16/16
f 16/16/16 18/18/18 18/18/18
f 18/18/18 17/17/17 18/18/18
f 18/18/18 17/17/17 17/17/17
f 17/17/17 19/19/19 17/17/17
f 17/17/17 19/19/19 18/18/18
f 19/19/19 20/20/20 18/18/18
f 18/18/18 20/20/20 20/20/20
f 20/20/20 21/21/21 20/20/20
f 20/20/20 21/21/21 21/21/21
f 21/21/21 22/22/22 21/21/21
f 21/21/21 22/22/22 23/23/23
f 22/22/22 24/24/24 23/23/23
f 23/23/23 24/24/24 25/25/25
f 24/24/24 26/26/26 25/25/25
f 25/25/25 26/26/26 27/27/27
f 26/26/26 28/28/28 27/27/27
f 27/27/27 28/28/28 29/29/29
f 28/28/28 30/30/30 29/29/29
f 29/29/29 30/30/30 31/31/31
f 30/30/30 31/31/31 31/31/31
f 31/31/31 31/31/31 31/31/31
f 31/31/31 32/32/32 31/31/31
f 31/31/31 32/32/32 29/29/29
f 32/32/32 33/33/33 29/29/29
f 29/29/29 33/33/33 33/33/33
f 33/33/33 32/32/32 33/33/33
f 33/33/33 32/32/32 32/32/32
f 32/32/32 34/34/34 32/32/32
f 32/32/32 34/34/34 33/33/33
f 34/34/34 35/35/35 33/33/33
f 33/33/33 35/35/35 35/35/35
f 35/35/35 34/34/34 35/35/35
f 35/35/35 34/34/34 34/34/34
f 34/34/34 36/36/36 34/34/34
f 34/34/34 36/36/36 35/35/35
f 36/36/36 37/37/37 35/35/35
f 35/35/35 37/37/37 37/37/37
f 37/37/37 36/36/36 37/37/37
f 37/37/37 36/36/36 36/36/36
f 36/36/36 38/38/38 36/36/36
f 36/36/36 38/38/38 37/37/37
f 38/38/38 39/39/39 37/37/37
f 37/37/37 39/39/39 39/39/39
f 39/39/39 38/38/38 39/39/39
f 39/39/39 38/38/38 38/38/38
f 38/38/38 40/40/40 38/38/38
f 38/38/38 40/40/40 39/39/39
f 40/40/40 41/41/41 39/39/39
f 39/39/39 41/41/41 41/41/41
f 41/41/41 42/42/42 41/41/41
f 41/41/41 42/42/42 42/42/42
f 42/42/42 43/43/43 42/42/42
f 42/42/42 43/43/43 44/44/44
f 43/43/43 45/45/45 44/44/44
f 44/44/44 45/45/45 45/45/45
f 45/45/45 43/43/43 45/45/45
f 45/45/45 43/43/43 46/46/46
f 43/43/43 47/47/47 46/46/46
f 46/46/46 47/47/47 48/48/48
f 47/47/47 48/48/48 48/48/48
f 48/48/48 48/48/48 46/46/46
f 48/48/48 46/46/46 46/46/46
f 46/46/46 46/46/46 46/46/46
f 46/46/46 48/48/48 46/46/46
f 46/46/46 48/48/48 49/49/49
f 48/48/48 50/50/50 49/49/49
f 49/49/49 50/50/50 50/50/50
f 50/50/50 48/48/48 50/50/50
f 50/50/50 48/48/48 51/51/51
f 48/48/48 52/52/52 51/51/51
f 51/51/51 52/52/52 52/52/52
f 52/52/52 48/48/48 52/52/52
f 52/52/52 48/48/48 48/48/48
f 48/48/48 53/53/53 48/48/48
f 48/48/48 53/53/53 52/52/52
f 53/53/53 54/54/54 52/52/52
f 52/52/52 54/54/54 55/55/55
f 54/54/54 56/56/56 55/55/55
f 55/55/55 56/56/56 56/56/56
f 56/56/56 57/57/57 56/56/56
f 56/56/56 57/57/57 57/57/57
f 57/57/57 58/58/58 57/57/57
f 57/57/57 58/58/58 59/59/59
f 58/58/58 60/60/60 59/59/59
f 59/59/59 60/60/60 60/60/60
f 60/60/60 61/61/61 60/60/60
f 60/60/60 61/61/61 61/61/61
f 61/61/61 62/62/62 61/61/61
f 61/61/61 62/62/62 63/63/63
f 62/62/62 64/64/64 63/63/63
f 63/63/63 64/64/64 64/64/64
f 64/64/64 62/62/62 64/64/64
f 64/64/64 62/62/62 62/62/62
f 62/62/62 65/65/65 62/62/62
f 62/62/62 65/65/65 64/64/64
f 65/65/65 66/66/66 64/64/64
f 64/64/64 66/66/66 66/66/66
f 66/66/66 65/65/65 66/66/66
f 66/66/66 65/65/65 65/65/65
f 65/65/65 67/67/67 65/65/65
f 65/65/65 67/67/67 66/66/66
f 67/67/67 68/68/68 66/66/66
f 66/66/66 68/68/68 68/68/68
f 68/68/68 69/69/69 68/68/68
f 68/68/68 69/69/69 69/69/69
f 69/69/69 70/70/70 69/69/69
f 69/69/69 70/70/70 71/71/71
f 70/70/70 72/72/72 71/71/71
f 71/71/71 72/72/72 73/73/73
f 72/72/72 73/73/73 73/73/73
f 73/73/73 73/73/73 74/74/74
f 73/73/73 74/74/74 74/74/74
f 74/74/74 74/74/74 74/74/74
f 74/74/74 75/75/75 74/74/74
f 74/74/74 75/75/75 76/76/76
f 75/75/75 77/77/77 76/76/76
f 76/76/76 77/77/77 77/77/77
f 77/77/77 75/75/75 77/77/77
f 77/77/77 75/75/75 78/78/78
f 75/75/75 79/79/79 78/78/78
f 78/78/78 79/79/79 80/80/80
f 79/79/79 81/81/81 80/80/80
f 80/80/80 81/81/81 81/81/81
f 81/81/81 79/79/79 81/81/81
f 81/81/81 79/79/79 79/79/79
f 79/79/79 82/82/82 79/79/79
f 79/79/79 82/82/82 81/81/81
f 82/82/82 83/83/83 81/81/81
f 81/81/81 83/83/83 83/83/83
f 83/83/83 82/82/82 83/83/83
f 83/83/83 82/82/82 84/84/84
f 82/82/82 85/85/85 84/84/84
f 84/84/84 85/85/85 85/85/85
f 85/85/85 86/86/86 85/85/85
f 85/85/85 86/86/86 86/86/86
f 86/86/86 87/87/87 86/86/86
f 86/86/86 87/87/87 88/88/88
f 87/87/87 89/89/89 88/88/88
f 88/88/88 89/89/89 89/89/89
f 89/89/89 90/90/90 89/89/89
f 89/89/89 90/90/90 90/90/90
f 90/90/90 91/91/91 90/90/90
f 90/90/90 91/91/91 92/92/92
f 91/91/91 93/93/93 92/92/92
f 92/92/92 93/93/93 94/94/94
f 93/93/93 94/94/94 94/94/94
f 94/94/94 94/94/94 95/95/95
f 94/94/94 95/95/95 95/95/95
f 95/95/95 95/95/95 95/95/95
f 95/95/95 96/96/96 95/95/95
f 95/95/95 96/96/96 97/97/97
f 96/96/96 98/98/98 97/97/97
f 97/97/97 98/98/98 99/99/99
f 98/98/98 100/100/100 99/99/99
f 99/99/99 100/100/100 101/101/101
f 100/100/100 102/102/102 101/101/101
f 101/101/101 102/102/102 103/103/103
f 102/102/102 104/104/104 103/103/103
f 103/103/103 104/104/104 104/104/104
f 104/104/104 102/102/102 104/104/104
f 104/104/104 102/102/102 102/102/102
f 102/102/102 105/105/105 102/102/102
f 102/102/102 105/105/105 104/104/104
f 105/105/105 106/106/106 104/104/104
f 104/104/104 106/106/106 107/107/107
f 106/106/106 108/108/108 107/107/107
f 107/107/107 108/108/108 109/109/109
f 108/108/108 110/110/110 109/109/109
f 109/109/109 110/110/110 111/111/111
f 110/110/110 111/111/111 111/111/111
f 111/111/111 111/111/111 112/112/112
f 111/111/111 112/112/112 112/112/112
f 112/112/112 112/112/112 112/112/112
f 112/112/112 113/113/113 112/112/112
f 112/112/112 113/113/113 114/114/114
f 113/113/113 115/115/115 114/114/114
f 114/114/114 115/115/115 116/116/116
f 115/115/115 117/117/117 116/116/116
f 116/116/116 117/117/117 118/118/118
f 117/117/117 119/119/119 118/118/118
f 118/118/118 119/119/119 120/120/120
f 119/119/119 121/121/121 120/120/120
f 120/120/120 121/121/121 122/122/122
f 121/121/121 123/123/123 122/122/122
f 122/122/122 123/123/123 124/124/124
f 123/123/123 124/124/124 124/124/124
f 124/124/124 124/124/124 122/122/122
f 124/124/124 122/122/122 122/122/122
f 122/122/122 122/122/122 122/122/122
f 122/122/122 124/124/124 122/122/122
f 122/122/122 124/124/124 125/125/125
f 124/124/124 126/126/126 125/125/125
f 125/125/125 126/126/126 127/127/127
f 126/126/126 128/128/128 127/127/127
f 127/127/127 128/128/128 129/129/129
f 128/128/128 130/130/130 129/129/129
f 129/129/129 130/130/130 131/131/131
f 130/130/130 132/132/132 131/131/131
f 131/131/131 132/132/132 133/133/133
f 132/132/132 133/133/133 133/133/133
f 133/133/133 133/133/133 134/134/134
f 133/133/133 134/134/134 134/134/134
f 134/134/134 134/134/134 134/134/134
f 134/134/134 135/135/135 134/134/134
f 134/134/134 135/135/135 136/136/136
f 135/135/135 137/137/137 136/136/136
f 136/136/136 137/137/137 137/137/137
f 137/137/137 138/138/138 137/137/137
f 137/137/137 138/138/138 138/138/138
f 138/138/138 139/139/139 138/138/138
f 138/138/138 139/139/139 140/140/140
f 139/139/139 141/141/141 140/140/140
f 140/140/140 141/141/141 141/141/141
f 141/141/141 142/142/142 141/141/141
f 141/141/141 142/142/142 142/142/142
f 142/142/142 143/143/143 142/142/142
f 142/142/142 143/143/143 144/144/144
f 143/143/143 145/145/145 144/144/144
f 144/144/144 145/145/145 145/145/145
f 145/145/145 146/146/146 145/145/145
f 145/145/145 146/146/146 146/146/146
f 146/146/146 147/147/147 146/146/146
f 146/146/146 147/147/147 148/148/148
f 147/147/147 149/149/149 148/148/148
f 148/148/148 149/149/149 149/149/149
f 149/149/149 150/150/150 149/149/149
f 149/149/149 150/150/150 150/150/150
f 150/150/150 151/151/151 150/150/150
f 150/150/150 151/151/151 152/152/152
f 151/151/151 153/153/153 152/152/152
f 152/152/152 153/153/153 153/153/153
f 153/153/153 154/154/154 153/153/153
f 153/153/153 154/154/154 154/154/154
f 154/154/154 155/155/155 154/154/154
f 154/154/154 155/155/155 156/156/156
f 155/155/155 157/157/157 156/156/156
f 156/156/156 157/157/157 158/158/158
f 157/157/157 159/159/159 158/158/158
f 158/158/158 159/159/159 160/160/160
f 159/159/159 161/161/161 160/160/160
f 160/160/160 161/161/161 161/161/161
f 161/161/161 162/162/162 161/161/161
f 161/161/161 162/162/162 162/162/162
f 162/162/162 163/163/163 162/162/162
f 162/162/162 163/163/163 164/164/164
f 163/163/163 165/165/165 164/164/164
f 164/164/164 165/165/165 165/165/165
f 165/165/165 166/166/166 165/165/165
f 165/165/165 166/166/166 166/166/166
f 166/166/166 167/167/167 166/166/166
f 166/166/166 167/167/167 168/168/168
f 167/167/167 169/169/169 168/168/168
f 168/168/168 169/169/169 169/169/169
f 169/169/169 170/170/170 169/169/169
f 169/169/169 170/170/170 170/170/170
f 170/170/170 171/171/171 170/170/170
f 170/170/170 171/171/171 172/172/172
f 171/171/171 173/173/173 172/172/172
f 172/172/172 173/173/173 173/173/173
f 173/173/173 174/174/174 173/173/173
f 173/173/173 174/174/174 174/174/174
f 174/174/174 175/175/175 174/174/174
f 174/174/174 175/175/175 176/176/176
f 175/175/175 177/177/177 176/176/176
f 176/176/176 177/177/177 178/178/178
f 177/177/177 179/179/179 178/178/178
f 178/178/178 179/179/179 180/180/180
f 179/179/179 181/181/181 180/180/180
f 180/180/180 181/181/181 182/182/182
f 181/181/181 183/183/183 182/182/182
f 182/182/182 183/183/183 184/184/184
f 183/183/183 184/184/184 184/184/184
f 184/184/184 184/184/184 184/184/184
f 184/184/184 185/185/185 184/184/184
f 184/184/184 185/185/185 182/182/182
f 185/185/185 186/186/186 182/182/182
f 182/182/182 186/186/186 187/187/187
f 186/186/186 188/188/188 187/187/187
f 187/187/187 188/188/188 189/189/189
f 188/188/188 177/177/177 189/189/189
f 189/189/189 177/177/177 175/175/175
f 177/177/177 175/175/175 175/175/175
f 175/175/175 175/175/175 188/188/188
f 175/175/175 188/188/188 188/188/188
f 188/188/188 188/188/188 188/188/188
f 188/188/188 190/190/190 188/188/188
f 188/188/188 190/190/190 177/177/177
f 190/190/190 191/191/191 177/177/177
f 177/177/177 191/191/191 192/192/192
f 191/191/191 192/192/192 192/192/192
f 192/192/192 192/192/192 178/178/178
f 192/192/192 178/178/178 178/178/178
f 178/178/178 178/178/178 178/178/178
f 178/178/178 193/193/193 178/178/178
f 178/178/178 193/193/193 176/176/176
f 193/193/193 194/194/194 176/176/176
f 176/176/176 194/194/194 194/194/194
f 194/194/194 193/193/193 194/194/194
f 194/194/194 193/193/193 193/193/193
f 193/193/193 195/195/195 193/193/193
f 193/193/193 195/195/195 194/194/194
f 195/195/195 196/196/196 194/194/194
f 194/194/194 196/196/196 196/196/196
f 196/196/196 195/195/195 196/196/196
f 196/196/196 195/195/195 197/197/197
f 195/195/195 198/198/198 197/197/197
f 197/197/197 198/198/198 198/198/198
f 198/198/198 195/195/195 198/198/198
f 198/198/198 195/195/195 195/195/195
f 195/195/195 199/199/199 195/195/195
f 195/195/195 199/199/199 198/198/198
f 199/199/199 180/180/180 198/198/198
f 198/198/198 180/180/180 180/180/180
f 180/180/180 189/189/189 180/180/180
f 180/180/180 189/189/189 189/189/189
f 189/189/189 200/200/200 189/189/189
f 189/189/189 200/200/200 187/187/187
f 200/200/200 201/201/201 187/187/187
f 187/187/187 201/201/201 201/201/201
f 201/201/201 200/200/200 201/201/201
f 201/201/201 200/200/200 200/200/200
f 200/200/200 202/202/202 200/200/200
f 200/200/200 202/202/202 201/201/201
f 202/202/202 203/203/203 201/201/201
f 201/201/201 203/203/203 203/203/203
f 203/203/203 202/202/202 203/203/203
f 203/203/203 202/202/202 204/204/204
f 202/202/202 174/174/174 204/204/204
f 204/204/204 174/174/174 174/174/174
f 174/174/174 208/208/208 174/174/174
f 174/174/174 208/208/208 208/208/208
f 208/208/208 209/209/209 208/208/208
f 208/208/208 209/209/209 210/210/210
f 209/209/209 211/211/211 210/210/210
f 210/210/210 211/211/211 212/212/212
f 211/211/211 212/212/212 212/212/212
f 212/212/212 212/212/212 210/210/210
f 212/212/212 210/210/210 210/210/210
f 210/210/210 210/210/210 210/210/210
f 210/210/210 212/212/212 210/210/210
f 210/210/210 212/212/212 213/213/213
f 212/212/212 214/214/214 213/213/213
f 213/213/213 214/214/214 215/215/215
f 214/214/214 216/216/216 215/215/215
f 215/215/215 216/216/216 217/217/217
f 216/216/216 218/218/218 217/217/217
f 217/217/217 218/218/218 219/219/219
f 218/218/218 220/220/220 219/219/219
f 219/219/219 220/220/220 221/221/221
f 220/220/220 222/222/222 221/221/221
f 221/221/221 222/222/222 223/223/223
f 222/222/222 224/224/224 223/223/223
f 223/223/223 224/224/224 225/225/225
f 224/224/224 225/225/225 225/225/225
f 225/225/225 225/225/225 226/226/226
f 225/225/225 226/226/226 226/226/226
f 226/226/226 226/226/226 226/226/226
f 226/226/226 227/227/227 226/226/226
f 226/226/226 227/227/227 228/228/228
f 227/227/227 229/229/229 228/228/228
f 228/228/228 229/229/229 229/229/229
f 229/229/229 227/227/227 229/229/229
f 229/229/229 227/227/227 230/230/230
f 227/227/227 231/231/231 230/230/230
f 230/230/230 231/231/231 232/232/232
f 231/231/231 233/233/233 232/232/232
f 232/232/232 233/233/233 234/234/234
f 233/233/233 235/235/235 234/234/234
f 234/234/234 235/235/235 236/236/236
f 235/235/235 237/237/237 236/236/236
f 236/236/236 237/237/237 238/238/238
f 237/237/237 239/239/239 238/238/238
f 238/238/238 239/239/239 240/240/240
f 239/239/239 241/241/241 240/240/240
f 240/240/240 241/241/241 242/242/242
f 241/241/241 243/243/243 242/242/242
f 242/242/242 243/243/243 243/243/243
f 243/243/243 244/244/244 243/243/243
f 243/243/243 244/244/244 244/244/244
f 244/244/244 245/245/245 244/244/244
f 244/244/244 245/245/245 246/246/246
f 245/245/245 247/247/247 246/246/246
f 246/246/246 247/247/247 247/247/247
f 247/247/247 245/245/245 247/247/247
f 247/247/247 245/245/245 245/245/245
f 245/245/245 248/248/248 245/245/245
f 245/245/245 248/248/248 247/247/247
f 248/248/248 249/249/249 247/247/247
f 247/247/247 249/249/249 249/249/249
f 249/249/249 248/248/248 249/249/249
f 249/249/249 248/248/248 248/248/248
f 248/248/248 250/250/250 248/248/248
f 248/248/248 250/250/250 249/249/249
f 250/250/250 251/251/251 249/249/249
f 249/249/249 251/251/251 251/251/251
f 251/251/251 250/250/250 251/251/251
f 251/251/251 250/250/250 250/250/250
f 250/250/250 252/252/252 250/250/250
f 250/250/250 252/252/252 251/251/251
f 252/252/252 253/253/253 251/251/251
f 251/251/251 253/253/253 253/253/253
f 253/253/253 252/252/252 253/253/253
f 253/253/253 252/252/252 252/252/252
f 252/252/252 254/254/254 252/252/252
f 252/252/252 254/254/254 253/253/253
f 254/254/254 255/255/255 253/253/253
f 253/253/253 255/255/255 255/255/255
f 255/255/255 254/254/254 255/255/255
f 255/255/255 254/254/254 254/254/254
f 254/254/254 256/256/256 254/254/254
f 254/254/254 256/256/256 255/255/255
f 256/256/256 257/257/257 255/255/255
f 255/255/255 257/257/257 257/257/257
f 257/257/257 256/256/256 257/257/257
f 257/257/257 256/256/256 256/256/256
f 256/256/256 258/258/258 256/256/256
f 256/256/256 258/258/258 257/257/257
f 258/258/258 259/259/259 257/257/257
f 257/257/257 259/259/259 259/259/259
f 259/259/259 258/258/258 259/259/259
f 259/259/259 258/258/258 258/258/258
f 258/258/258 260/260/260 258/258/258
f 258/258/258 260/260/260 259/259/259
f 260/260/260 261/261/261 259/259/259
f 259/259/259 261/261/261 261/261/261
f 261/261/261 262/262/262 261/261/261
f 261/261/261 262/262/262 262/262/262
f 262/262/262 263/263/263 262/262/262
f 262/262/262 263/263/263 264/264/264
f 263/263/263 265/265/265 264/264/264
f 264/264/264 265/265/265 266/266/266
f 265/265/265 267/267/267 266/266/266
f 266/266/266 267/267/267 267/267/267
f 267/267/267 268/268/268 267/267/267
f 267/267/267 268/268/268 268/268/268
f 268/268/268 269/269/269 268/268/268
f 268/268/268 269/269/269 270/270/270
f 269/269/269 271/271/271 270/270/270
f 270/270/270 271/271/271 272/272/272
f 271/271/271 273/273/273 272/272/272
f 272/272/272 273/273/273 274/274/274
f 273/273/273 275/275/275 274/274/274
f 274/274/274 275/275/275 276/276/276
f 275/275/275 277/277/277 276/276/276
f 276/276/276 277/277/277 278/278/278
f 277/277/277 279/279/279 278/278/278
f 278/278/278 279/279/279 280/280/280
f 279/279/279 281/281/281 280/280/280
f 280/280/280 281/281/281 282/282/282
f 281/281/281 283/283/283 282/282/282
f 282/282/282 283/283/283 284/284/284
f 283/283/283 285/285/285 284/284/284
f 284/284/284 285/285/285 285/285/285
f 285/285/285 286/286/286 285/285/285
f 285/285/285 286/286/286 286/286/286
f 286/286/286 287/287/287 286/286/286
f 286/286/286 287/287/287 288/288/288
f 287/287/287 289/289/289 288/288/288
f 288/288/288 289/289/289 290/290/290
f 289/289/289 291/291/291 290/290/290
f 290/290/290 291/291/291 291/291/291
f 291/291/291 287/287/287 291/291/291
f 291/291/291 287/287/287 287/287/287
f 287/287/287 292/292/292 287/287/287
f 287/287/287 292/292/292 289/289/289
f 292/292/292 293/293/293 289/289/289
f 289/289/289 293/293/293 291/291/291
f 293/293/293 294/294/294 291/291/291
f 291/291/291 294/294/294 294/294/294
f 294/294/294 293/293/293 294/294/294
f 294/294/294 293/293/293 295/295/295
f 293/293/293 292/292/292 295/295/295
f 295/295/295 292/292/292 296/296/296
f 292/292/292 296/296/296 296/296/296
f 296/296/296 296/296/296 294/294/294
f 296/296/296 294/294/294 294/294/294
f 294/294/294 294/294/294 294/294/294
f 294/294/294 295/295/295 294/294/294
f 294/294/294 295/295/295 297/297/297
f 295/295/295 298/298/298 297/297/297
f 297/297/297 298/298/298 299/299/299
f 298/298/298 299/299/299 299/299/299
f 299/299/299 299/299/299 298/298/298
f 299/299/299 298/298/298 298/298/298
f 298/298/298 298/298/298 298/298/298
f 298/298/298 295/295/295 298/298/298
f 298/298/298 295/295/295 300/300/300
f 295/295/295 301/301/301 300/300/300
f 300/300/300 301/301/301 302/302/302
f 301/301/301 302/302/302 302/302/302
f 302/302/302 302/302/302 295/295/295
f 302/302/302 295/295/295 295/295/295
f 295/295/295 295/295/295 295/295/295
f 295/295/295 296/296/296 295/295/295
f 295/295/295 296/296/296 301/301/301
f 296/296/296 303/303/303 301/301/301
f 301/301/301 303/303/303 303/303/303
f 303/303/303 304/304/304 303/303/303
f 303/303/303 304/304/304 304/304/304
f 304/304/304 305/305/305 304/304/304
f 304/304/304 305/305/305 306/306/306
f 305/305/305 307/307/307 306/306/306
f 306/306/306 307/307/307 307/307/307
f 307/307/307 305/305/305 307/307/307
f 307/307/307 305/305/305 308/308/308
f 305/305/305 309/309/309 308/308/308
f 308/308/308 309/309/309 310/310/310
f 309/309/309 310/310/310 310/310/310
f 310/310/310 310/310/310 311/311/311
f 310/310/310 311/311/311 311/311/311
f 311/311/311 311/311/311 311/311/311
f 311/311/311 312/312/312 311/311/311
f 311/311/311 312/312/312 313/313/313
f 312/312/312 314/314/314 313/313/313
f 313/313/313 314/314/314 315/315/315
f 314/314/314 316/316/316 315/315/315
f 315/315/315 316/316/316 317/317/317
f 316/316/316 302/302/302 317/317/317
f 317/317/317 302/302/302 302/302/302
f 302/302/302 316/316/316 302/302/302
f 302/302/302 316/316/316 316/316/316
f 316/316/316 318/318/318 316/316/316
f 316/316/316 318/318/318 302/302/302
f 318/318/318 300/300/300 302/302/302
f 302/302/302 300/300/300 300/300/300
f 300/300/300 318/318/318 300/300/300
f 300/300/300 318/318/318 318/318/318
f 318/318/318 319/319/319 318/318/318
f 318/318/318 319/319/319 300/300/300
f 319/319/319 320/320/320 300/300/300
f 300/300/300 320/320/320 321/321/321
f 320/320/320 322/322/322 321/321/321
f 321/321/321 322/322/322 322/322/322
f 322/322/322 320/320/320 322/322/322
f 322/322/322 320/320/320 320/320/320
f 320/320/320 323/323/323 320/320/320
f 320/320/320 323/323/323 322/322/322
f 323/323/323 324/324/324 322/322/322
f 322/322/322 324/324/324 324/324/324
f 324/324/324 323/323/323 324/324/324
f 324/324/324 323/323/323 323/323/323
f 323/323/323 325/325/325 323/323/323
f 323/323/323 325/325/325 324/324/324
f 325/325/325 326/326/326 324/324/324
f 324/324/324 326/326/326 326/326/326
f 326/326/326 319/319/319 326/326/326
f 326/326/326 319/319/319 319/319/319
f 319/319/319 318/318/318 319/319/319
f 319/319/319 318/318/318 327/327/327
f 318/318/318 328/328/328 327/327/327
f 327/327/327 328/328/328 328/328/328
f 328/328/328 329/329/329 328/328/328
f 328/328/328 329/329/329 329/329/329
f 329/329/329 330/330/330 329/329/329
f 329/329/329 330/330/330 331/331/331
f 330/330/330 332/332/332 331/331/331
f 331/331/331 332/332/332 333/333/333
f 332/332/332 333/333/333 333/333/333
f 333/333/333 333/333/333 331/331/331
f 333/333/333 331/331/331 331/331/331
f 331/331/331 331/331/331 331/331/331
f 331/331/331 333/333/333 331/331/331
f 331/331/331 333/333/333 334/334/334
f 333/333/333 335/335/335 334/334/334
f 334/334/334 335/335/335 335/335/335
f 335/335/335 336/336/336 335/335/335
f 335/335/335 336/336/336 336/336/336
f 336/336/336 337/337/337 336/336/336
f 336/336/336 337/337/337 338/338/338
f 337/337/337 339/339/339 338/338/338
f 338/338/338 339/339/339 339/339/339
f 339/339/339 340/340/340 339/339/339
f 339/339/339 340/340/340 340/340/340
f 340/340/340 341/341/341 340/340/340
f 340/340/340 341/341/341 342/342/342
f 341/341/341 343/343/343 342/342/342
f 342/342/342 343/343/343 343/343/343
f 343/343/343 344/344/344 343/343/343
f 343/343/343 344/344/344 344/344/344
f 344/344/344 345/345/345 344/344/344
f 344/344/344 345/345/345 346/346/346
f 345/345/345 347/347/347 346/346/346
f 346/346/346 347/347/347 347/347/347
f 347/347/347 348/348/348 347/347/347
f 347/347/347 348/348/348 348/348/348
f 348/348/348 349/349/349 348/348/348
f 348/348/348 349/349/349 350/350/350
f 349/349/349 351/351/351 350/350/350
f 350/350/350 351/351/351 352/352/352
f 351/351/351 353/353/353 352/352/352
f 352/352/352 353/353/353 353/353/353
f 353/353/353 349/349/349 353/353/353
f 353/353/353 349/349/349 349/349/349
f 349/349/349 354/354/354 349/349/349
f 349/349/349 354/354/354 351/351/351
f 354/354/354 355/355/355 351/351/351
f 351/351/351 355/355/355 353/353/353
f 355/355/355 356/356/356 353/353/353
f 353/353/353 356/356/356 356/356/356
f 356/356/356 354/354/354 356/356/356
f 356/356/356 354/354/354 354/354/354
f 354/354/354 357/357/357 354/354/354
f 354/354/354 357/357/357 355/355/355
f 357/357/357 358/358/358 355/355/355
f 355/355/355 358/358/358 356/356/356
f 358/358/358 359/359/359 356/356/356
f 356/356/356 359/359/359 359/359/359
f 359/359/359 357/357/357 359/359/359
f 359/359/359 357/357/357 357/357/357
f 357/357/357 360/360/360 357/357/357
f 357/357/357 360/360/360 358/358/358
f 360/360/360 361/361/361 358/358/358
f 358/358/358 361/361/361 359/359/359
f 361/361/361 362/362/362 359/359/359
f 359/359/359 362/362/362 362/362/362
f 362/362/362 360/360/360 362/362/362
f 362/362/362 360/360/360 360/360/360
f 360/360/360 363/363/363 360/360/360
f 360/360/360 363/363/363 361/361/361
f 363/363/363 364/364/364 361/361/361
f 361/361/361 364/364/364 362/362/362
f 364/364/364 365/365/365 362/362/362
f 362/362/362 365/365/365 365/365/365
f 365/365/365 363/363/363 365/365/365
f 365/365/365 363/363/363 363/363/363
f 363/363/363 366/366/366 363/363/363
f 363/363/363 366/366/366 364/364/364
f 366/366/366 367/367/367 364/364/364
f 364/364/364 367/367/367 365/365/365
f 367/367/367 368/368/368 365/365/365
f 365/365/365 368/368/368 368/368/368
f 368/368/368 366/366/366 368/368/368
f 368/368/368 366/366/366 366/366/366
f 366/366/366 369/369/369 366/366/366
f 366/366/366 369/369/369 367/367/367
f 369/369/369 370/370/370 367/367/367
f 367/367/367 370/370/370 371/371/371
f 370/370/370 372/372/372 371/371/371
f 371/371/371 372/372/372 373/373/373
f 372/372/372 374/374/374 373/373/373
f 373/373/373 374/374/374 375/375/375
f 374/374/374 375/375/375 375/375/375
f 375/375/375 375/375/375 371/371/371
f 375/375/375 371/371/371 371/371/371
f 371/371/371 371/371/371 371/371/371
f 371/371/371 376/376/376 371/371/371
f 371/371/371 376/376/376 367/367/367
f 376/376/376 377/377/377 367/367/367
f 367/367/367 377/377/377 368/368/368
f 377/377/377 368/368/368 368/368/368
f 368/368/368 368/368/368 378/378/378
f 368/368/368 378/378/378 378/378/378
f 378/378/378 378/378/378 378/378/378
f 378/378/378 379/379/379 378/378/378
f 378/378/378 379/379/379 380/380/380
f 379/379/379 381/381/381 380/380/380
f 380/380/380 381/381/381 382/382/382
f 381/381/381 383/383/383 382/382/382
f 382/382/382 383/383/383 383/383/383
f 383/383/383 379/379/379 383/383/383
f 383/383/383 379/379/379 379/379/379
f 379/379/379 384/384/384 379/379/379
f 379/379/379 384/384/384 381/381/381
f 384/384/384 385/385/385 381/381/381
f 381/381/381 385/385/385 383/383/383
f 385/385/385 386/386/386 383/383/383
f 383/383/383 386/386/386 386/386/386
f 386/386/386 384/384/384 386/386/386
f 386/386/386 384/384/384 384/384/384
f 384/384/384 387/387/387 384/384/384
f 384/384/384 387/387/387 385/385/385
f 387/387/387 388/388/388 385/385/385
f 385/385/385 388/388/388 386/386/386
f 388/388/388 389/389/389 386/386/386
f 386/386/386 389/389/389 389/389/389
f 389/389/389 391/391/391 389/389/389
f 389/389/389 391/391/391 391/391/391
f 391/391/391 392/392/392 391/391/391
f 391/391/391 392/392/392 393/393/393
f 392/392/392 394/394/394 393/393/393
f 393/393/393 394/394/394 395/395/395
f 394/394/394 396/396/396 395/395/395
f 395/395/395 396/396/396 396/396/396
f 396/396/396 395/395/395 396/396/396
f 396/396/396 395/395/395 395/395/395
f 395/395/395 397/397/397 395/395/395
f 395/395/395 397/397/397 393/393/393
f 397/397/397 398/398/398 393/393/393
f 393/393/393 398/398/398 398/398/398
f 398/398/398 397/397/397 398/398/398
f 398/398/398 397/397/397 399/399/399
f 397/397/397 400/400/400 399/399/399
f 399/399/399 400/400/400 401/401/401
f 400/400/400 402/402/402 401/401/401
f 401/401/401 402/402/402 403/403/403
f 402/402/402 404/404/404 403/403/403
f 403/403/403 404/404/404 404/404/404
f 404/404/404 402/402/402 404/404/404
f 404/404/404 402/402/402 402/402/402
f 402/402/402 405/405/405 402/402/402
f 402/402/402 405/405/405 404/404/404
f 405/405/405 406/406/406 404/404/404
f 404/404/404 406/406/406 406/406/406
f 406/406/406 405/405/405 406/406/406
f 406/406/406 405/405/405 407/407/407
f 405/405/405 408/408/408 407/407/407
f 407/407/407 408/408/408 409/409/409
f 408/408/408 410/410/410 409/409/409
f 409/409/409 410/410/410 410/410/410
f 410/410/410 411/411/411 410/410/410
f 410/410/410 411/411/411 411/411/411
f 411/411/411 412/412/412 411/411/411
f 411/411/411 412/412/412 413/413/413
f 412/412/412 414/414/414 413/413/413
f 413/413/413 414/414/414 415/415/415
f 414/414/414 416/416/416 415/415/415
f 415/415/415 416/416/416 417/417/417
f 416/416/416 418/418/418 417/417/417
f 417/417/417 418/418/418 419/419/419
f 418/418/418 420/420/420 419/419/419
f 419/419/419 420/420/420 421/421/421
f 420/420/420 422/422/422 421/421/421
f 421/421/421 422/422/422 423/423/423
f 422/422/422 424/424/424 423/423/423
f 423/423/423 424/424/424 425/425/425
f 424/424/424 426/426/426 425/425/425
f 425/425/425 426/426/426 427/427/427
f 426/426/426 428/428/428 427/427/427
f 427/427/427 428/428/428 429/429/429
f 428/428/428 430/430/430 429/429/429
f 429/429/429 430/430/430 430/430/430
f 430/430/430 431/431/431 430/430/430
f 430/430/430 431/431/431 431/431/431
f 431/431/431 432/432/432 431/431/431
f 431/431/431 432/432/432 433/433/433
f 432/432/432 434/434/434 433/433/433
f 433/433/433 434/434/434 435/435/435
f 434/434/434 436/436/436 435/435/435
f 435/435/435 436/436/436 437/437/437
f 436/436/436 438/438/438 437/437/437
f 437/437/437 438/438/438 439/439/439
f 438/438/438 440/440/440 439/439/439
f 439/439/439 440/440/440 441/441/441
f 440/440/440 442/442/442 441/441/441
f 441/441/441 442/442/442 443/443/443
f 442/442/442 444/444/444 443/443/443
f 443/443/443 444/444/444 445/445/445
f 444/444/444 446/446/446 445/445/445
f 445/445/445 446/446/446 447/447/447
f 446/446/446 448/448/448 447/447/447
f 447/447/447 448/448/448 449/449/449
f 448/448/448 450/450/450 449/449/449
f 449/449/449 450/450/450 450/450/450
f 450/450/450 451/451/451 450/450/450
f 450/450/450 451/451/451 451/451/451
f 451/451/451 452/452/452 451/451/451
f 451/451/451 452/452/452 453/453/453
f 452/452/452 454/454/454 453/453/453
f 453/453/453 454/454/454 455/455/455
f 454/454/454 456/456/456 455/455/455
f 455/455/455 456/456/456 456/456/456
f 456/456/456 454/454/454 456/456/456
f 456/456/456 454/454/454 454/454/454
f 454/454/454 452/452/452 454/454/454
f 454/454/454 452/452/452 457/457/457
f 452/452/452 458/458/458 457/457/457
f 457/457/457 458/458/458 459/459/459
f 458/458/458 459/459/459 459/459/459
f 459/459/459 459/459/459 457/457/457
f 459/459/459 457/457/457 457/457/457
f 457/457/457 457/457/457 457/457/457
f 457/457/457 459/459/459 457/457/457
f 457/457/457 459/459/459 460/460/460
f 459/459/459 461/461/461 460/460/460
f 460/460/460 461/461/461 462/462/462
f 461/461/461 463/463/463 462/462/462
f 462/462/462 463/463/463 464/464/464
f 463/463/463 464/464/464 464/464/464
f 464/464/464 464/464/464 462/462/462
f 464/464/464 462/462/462 462/462/462
f 462/462/462 462/462/462 462/462/462
f 462/462/462 464/464/464 462/462/462
f 462/462/462 464/464/464 465/465/465
f 464/464/464 466/466/466 465/465/465
f 465/465/465 466/466/466 467/467/467
f 466/466/466 467/467/467 467/467/467
f 467/467/467 467/467/467 465/465/465
f 467/467/467 465/465/465 465/465/465
f 465/465/465 465/465/465 465/465/465
f 465/465/465 467/467/467 465/465/465
f 465/465/465 467/467/467 468/468/468
f 467/467/467 469/469/469 468/468/468
f 468/468/468 469/469/469 470/470/470
f 469/469/469 470/470/470 470/470/470
f 470/470/470 470/470/470 469/469/469
f 470/470/470 469/469/469 469/469/469
f 469/469/469 469/469/469 469/469/469
f 469/469/469 467/467/467 469/469/469
f 469/469/469 467/467/467 471/471/471
f 467/467/467 472/472/472 471/471/471
f 471/471/471 472/472/472 472/472/472
f 472/472/472 473/473/473 472/472/472
f 472/472/472 473/473/473 473/473/473
f 473/473/473 474/474/474 473/473/473
f 473/473/473 474/474/474 475/475/475
f 474/474/474 476/476/476 475/475/475
f 475/475/475 476/476/476 476/476/476
f 476/476/476 477/477/477 476/476/476
f 476/476/476 477/477/477 477/477/477
f 477/477/477 478/478/478 477/477/477
f 477/477/477 478/478/478 479/479/479
f 478/478/478 480/480/480 479/479/479
f 479/479/479 480/480/480 480/480/480
f 480/480/480 481/481/481 480/480/480
f 480/480/480 481/481/481 481/481/481
f 481/481/481 482/482/482 481/481/481
f 481/481/481 482/482/482 483/483/483
f 482/482/482 484/484/484 483/483/483
f 483/483/483 484/484/484 484/484/484
f 484/484/484 485/485/485 484/484/484
f 484/484/484 485/485/485 485/485/485
f 485/485/485 486/486/486 485/485/485
f 485/485/485 486/486/486 487/487/487
f 486/486/486 488/488/488 487/487/487
f 487/487/487 488/488/488 488/488/488
f 488/488/488 489/489/489 488/488/488
f 488/488/488 489/489/489 489/489/489
f 489/489/489 490/490/490 489/489/489
f 489/489/489 490/490/490 491/491/491
f 490/490/490 492/492/492 491/491/491
f 491/491/491 492/492/492 492/492/492
f 492/492/492 493/493/493 492/492/492
f 492/492/492 493/493/493 493/493/493
f 493/493/493 494/494/494 493/493/493
f 493/493/493 494/494/494 495/495/495
f 494/494/494 496/496/496 495/495/495
f 495/495/495 496/496/496 496/496/496
f 496/496/496 503/503/503 496/496/496
f 496/496/496 503/503/503 503/503/503
f 503/503/503 504/504/504 503/503/503
f 503/503/503 504/504/504 505/505/505
f 504/504/504 506/506/506 505/505/505
f 505/505/505 506/506/506 507/507/507
f 506/506/506 508/508/508 507/507/507
f 507/507/507 508/508/508 509/509/509
f 508/508/508 510/510/510 509/509/509
f 509/509/509 510/510/510 511/511/511
f 510/510/510 512/512/512 511/511/511
f 511/511/511 512/512/512 512/512/512
f 512/512/512 504/504/504 512/512/512
f 512/512/512 504/504/504 504/504/504
f 504/504/504 513/513/513 504/504/504
f 504/504/504 513/513/513 506/506/506
f 513/513/513 514/514/514 506/506/506
f 506/506/506 514/514/514 508/508/508
f 514/514/514 515/515/515 508/508/508
f 508/508/508 515/515/515 510/510/510
f 515/515/515 516/516/516 510/510/510
f 510/510/510 516/516/516 517/517/517
f 516/516/516 518/518/518 517/517/517
f 517/517/517 518/518/518 519/519/519
f 518/518/518 519/519/519 519/519/519
f 519/519/519 519/519/519 518/518/518
f 519/519/519 518/518/518 518/518/518
f 518/518/518 518/518/518 518/518/518
f 518/518/518 516/516/516 518/518/518
f 518/518/518 516/516/516 520/520/520
f 516/516/516 515/515/515 520/520/520
f 520/520/520 515/515/515 521/521/521
f 515/515/515 514/514/514 521/521/521
f 521/521/521 514/514/514 522/522/522
f 514/514/514 513/513/513 522/522/522
f 522/522/522 513/513/513 513/513/513
f 513/513/513 523/523/523 513/513/513
f 513/513/513 523/523/523 523/523/523
f 523/523/523 524/524/524 523/523/523
f 523/523/523 524/524/524 525/525/525
f 524/524/524 526/526/526 525/525/525
f 525/525/525 526/526/526 527/527/527
f 526/526/526 528/528/528 527/527/527
f 527/527/527 528/528/528 529/529/529
f 528/528/528 530/530/530 529/529/529
f 529/529/529 530/530/530 531/531/531
f 530/530/530 532/532/532 531/531/531
f 531/531/531 532/532/532 533/533/533
f 532/532/532 534/534/534 533/533/533
f 533/533/533 534/534/534 535/535/535
f 534/534/534 536/536/536 535/535/535
f 535/535/535 536/536/536 537/537/537
f 536/536/536 538/538/538 537/537/537
f 537/537/537 538/538/538 539/539/539
f 538/538/538 540/540/540 539/539/539
f 539/539/539 540/540/540 540/540/540
f 540/540/540 541/541/541 540/540/540
f 540/540/540 541/541/541 541/541/541
f 541/541/541 542/542/542 541/541/541
f 541/541/541 542/542/542 543/543/543
f 542/542/542 544/544/544 543/543/543
f 543/543/543 544/544/544 544/544/544
f 544/544/544 545/545/545 544/544/544
f 544/544/544 545/545/545 545/545/545
f 545/545/545 546/546/546 545/545/545
f 545/545/545 546/546/546 547/547/547
f 546/546/546 548/548/548 547/547/547
f 547/547/547 548/548/548 549/549/549
f 548/548/548 550/550/550 549/549/549
f 549/549/549 550/550/550 551/551/551
f 550/550/550 552/552/552 551/551/551
f 551/551/551 552/552/552 553/553/553
f 552/552/552 554/554/554 553/553/553
f 553/553/553 554/554/554 554/554/554
f 554/554/554 546/546/546 554/554/554
f 554/554/554 546/546/546 546/546/546
f 546/546/546 555/555/555 546/546/546
f 546/546/546 555/555/555 548/548/548
f 555/555/555 556/556/556 548/548/548
f 548/548/548 556/556/556 550/550/550
f 556/556/556 557/557/557 550/550/550
f 550/550/550 557/557/557 552/552/552
f 557/557/557 558/558/558 552/552/552
f 552/552/552 558/558/558 554/554/554
f 558/558/558 554/554/554 554/554/554
f 554/554/554 554/554/554 555/555/555
f 554/554/554 555/555/555 555/555/555
f 555/555/555 555/555/555 555/555/555
f 555/555/555 559/559/559 555/555/555
f 555/555/555 559/559/559 556/556/556
f 559/559/559 560/560/560 556/556/556
f 556/556/556 560/560/560 557/557/557
f 560/560/560 561/561/561 557/557/557
f 557/557/557 561/561/561 558/558/558
f 561/561/561 558/558/558 558/558/558
f 558/558/558 558/558/558 559/559/559
f 558/558/558 559/559/559 559/559/559
f 559/559/559 559/559/559 559/559/559
f 559/559/559 562/562/562 559/559/559
f 559/559/559 562/562/562 560/560/560
f 562/562/562 563/563/563 560/560/560
f 560/560/560 563/563/563 561/561/561
f 563/563/563 564/564/564 561/561/561
f 561/561/561 564/564/564 564/564/564
f 564/564/564 562/562/562 564/564/564
f 564/564/564 562/562/562 562/562/562
f 562/562/562 559/559/559 562/562/562
f 562/562/562 559/559/559 565/565/565
f 559/559/559 566/566/566 565/565/565
f 565/565/565 566/566/566 567/567/567
f 566/566/566 568/568/568 567/567/567
f 567/567/567 568/568/568 568/568/568
f 568/568/568 559/559/559 568/568/568
f 568/568/568 559/559/559 559/559/559
f 559/559/559 555/555/555 559/559/559
f 559/559/559 555/555/555 566/566/566
f 555/555/555 568/568/568 566/566/566
f 566/566/566 568/568/568 568/568/568
f 568/568/568 555/555/555 568/568/568
f 568/568/568 555/555/555 569/569/569
f 555/555/555 546/546/546 569/569/569
f 569/569/569 546/546/546 546/546/546
f 546/546/546 570/570/570 546/546/546
f 546/546/546 570/570/570 570/570/570
f 570/570/570 571/571/571 570/570/570
f 570/570/570 571/571/571 572/572/572
f 571/571/571 573/573/573 572/572/572
f 572/572/572 573/573/573 573/573/573
f 573/573/573 574/574/574 573/573/573
f 573/573/573 574/574/574 574/574/574
f 574/574/574 575/575/575 574/574/574
f 574/574/574 575/575/575 576/576/576
f 575/575/575 577/577/577 576/576/576
f 576/576/576 577/577/577 578/578/578
f 577/577/577 578/578/578 578/578/578
f 578/578/578 578/578/578 578/578/578
f 578/578/578 579/579/579 578/578/578
f 578/578/578 579/579/579 576/576/576
f 579/579/579 580/580/580 576/576/576
f 576/576/576 580/580/580 581/581/581
f 580/580/580 581/581/581 581/581/581
f 581/581/581 581/581/581 581/581/581
f 581/581/581 582/582/582 581/581/581
f 581/581/581 582/582/582 576/576/576
f 582/582/582 574/574/574 576/576/576
f 576/576/576 574/574/574 574/574/574
f 574/574/574 583/583/583 574/574/574
f 574/574/574 583/583/583 583/583/583
f 583/583/583 584/584/584 583/583/583
f 583/583/583 584/584/584 585/585/585
f 584/584/584 586/586/586 585/585/585
f 585/585/585 586/586/586 587/587/587
f 586/586/586 587/587/587 587/587/587
f 587/587/587 587/587/587 587/587/587
f 587/587/587 588/588/588 587/587/587
f 587/587/587 588/588/588 585/585/585
f 588/588/588 589/589/589 585/585/585
f 585/585/585 589/589/589 590/590/590
f 589/589/589 590/590/590 590/590/590
f 590/590/590 590/590/590 590/590/590
f 590/590/590 591/591/591 590/590/590
f 590/590/590 591/591/591 585/585/585
f 591/591/591 583/583/583 585/585/585
f 585/585/585 583/583/583 583/583/583
f 583/583/583 592/592/592 583/583/583
f 583/583/583 592/592/592 592/592/592
f 592/592/592 593/593/593 592/592/592
f 592/592/592 593/593/593 594/594/594
f 593/593/593 595/595/595 594/594/594
f 594/594/594 595/595/595 595/595/595
f 595/595/595 593/593/593 595/595/595
f 595/595/595 593/593/593 596/596/596
f 593/593/593 597/597/597 596/596/596
f 596/596/596 597/597/597 598/598/598
f 597/597/597 598/598/598 598/598/598
f 598/598/598 598/598/598 596/596/596
f 598/598/598 596/596/596 596/596/596
f 596/596/596 596/596/596 596/596/596
f 596/596/596 598/598/598 596/596/596
f 596/596/596 598/598/598 599/599/599
f 598/598/598 600/600/600 599/599/599
f 599/599/599 600/600/600 600/600/600
f 600/600/600 601/601/601 600/600/600
f 600/600/600 601/601/601 601/601/601
f 601/601/601 602/602/602 601/601/601
f 601/601/601 602/602/602 603/603/603
f 602/602/602 604/604/604 603/603/603
f 603/603/603 604/604/604 604/604/604
f 604/604/604 602/602/602 604/604/604
f 604/604/604 602/602/602 602/602/602
f 602/602/602 605/605/605 602/602/602
f 602/602/602 605/605/605 604/604/604
f 605/605/605 606/606/606 604/604/604
f 604/604/604 606/606/606 606/606/606
f 606/606/606 605/605/605 606/606/606
f 606/606/606 605/605/605 605/605/605
f 605/605/605 607/607/607 605/605/605
f 605/605/605 607/607/607 606/606/606
f 607/607/607 608/608/608 606/606/606
f 606/606/606 608/608/608 608/608/608
f 608/608/608 607/607/607 608/608/608
f 608/608/608 607/607/607 609/609/609
f 607/607/607 610/610/610 609/609/609
f 609/609/609 610/610/610 610/610/610
f 610/610/610 611/611/611 610/610/610
f 610/610/610 611/611/611 611/611/611
f 611/611/611 612/612/612 611/611/611
f 611/611/611 612/612/612 613/613/613
f 612/612/612 614/614/614 613/613/613
f 613/613/613 614/614/614 614/614/614
f 614/614/614 612/612/612 614/614/614
f 614/614/614 612/612/612 615/615/615
f 612/612/612 616/616/616 615/615/615
f 615/615/615 616/616/616 617/617/617
f 616/616/616 617/617/617 617/617/617
f 617/617/617 617/617/617 615/615/615
f 617/617/617 615/615/615 615/615/615
f 615/615/615 615/615/615 615/615/615
f 615/615/615 617/617/617 615/615/615
f 615/615/615 617/617/617 618/618/618
f 617/617/617 619/619/619 618/618/618
f 618/618/618 619/619/619 620/620/620
f 619/619/619 620/620/620 620/620/620
f 620/620/620 620/620/620 621/621/621
f 620/620/620 621/621/621 621/621/621
f 621/621/621 621/621/621 621/621/621
f 621/621/621 622/622/622 621/621/621
f 621/621/621 622/622/622 623/623/623
f 622/622/622 624/624/624 623/623/623
f 623/623/623 624/624/624 624/624/624
f 624/624/624 625/625/625 624/624/624
f 624/624/624 625/625/625 625/625/625
f 625/625/625 626/626/626 625/625/625
f 625/625/625 626/626/626 627/627/627
f 626/626/626 628/628/628 627/627/627
f 627/627/627 628/628/628 628/628/628
f 628/628/628 626/626/626 628/628/628
f 628/628/628 626/626/626 626/626/626
f 626/626/626 629/629/629 626/626/626
f 626/626/626 629/629/629 628/628/628
f 629/629/629 630/630/630 628/628/628
f 628/628/628 630/630/630 630/630/630
f 630/630/630 629/629/629 630/630/630
f 630/630/630 629/629/629 629/629/629
f 629/629/629 631/631/631 629/629/629
f 629/629/629 631/631/631 630/630/630
f 631/631/631 632/632/632 630/630/630
f 630/630/630 632/632/632 632/632/632
f 632/632/632 631/631/631 632/632/632
f 632/632/632 631/631/631 633/633/633
f 631/631/631 634/634/634 633/633/633
f 633/633/633 634/634/634 634/634/634
f 634/634/634 636/636/636 634/634/634
f 634/634/634 636/636/636 636/636/636
f 636/636/636 637/637/637 636/636/636
f 636/636/636 637/637/637 638/638/638
f 637/637/637 639/639/639 638/638/638
f 638/638/638 639/639/639 640/640/640
f 639/639/639 641/641/641 640/640/640
f 640/640/640 641/641/641 642/642/642
f 641/641/641 643/643/643 642/642/642
f 642/642/642 643/643/643 644/644/644
f 643/643/643 645/645/645 644/644/644
f 644/644/644 645/645/645 646/646/646
f 645/645/645 647/647/647 646/646/646
f 646/646/646 647/647/647 648/648/648
f 647/647/647 649/649/649 648/648/648
f 648/648/648 649/649/649 650/650/650
f 649/649/649 651/651/651 650/650/650
f 650/650/650 651/651/651 652/652/652
f 651/651/651 653/653/653 652/652/652
f 652/652/652 653/653/653 653/653/653
f 653/653/653 654/654/654 653/653/653
f 653/653/653 654/654/654 654/654/654
f 654/654/654 655/655/655 654/654/654
f 654/654/654 655/655/655 656/656/656
f 655/655/655 657/657/657 656/656/656
f 656/656/656 657/657/657 658/658/658
f 657/657/657 658/658/658 658/658/658
f 658/658/658 658/658/658 658/658/658
f 658/658/658 659/659/659 658/658/658
f 658/658/658 659/659/659 656/656/656
f 659/659/659 660/660/660 656/656/656
f 656/656/656 660/660/660 661/661/661
f 660/660/660 661/661/661 661/661/661
f 661/661/661 661/661/661 661/661/661
f 661/661/661 662/662/662 661/661/661
f 661/661/661 662/662/662 656/656/656
f 662/662/662 663/663/663 656/656/656
f 656/656/656 663/663/663 663/663/663
f 663/663/663 664/664/664 663/663/663
f 663/663/663 664/664/664 664/664/664
f 664/664/664 665/665/665 664/664/664
f 664/664/664 665/665/665 666/666/666
f 665/665/665 667/667/667 666/666/666
f 666/666/666 667/667/667 668/668/668
f 667/667/667 668/668/668 668/668/668
f 668/668/668 668/668/668 668/668/668
f 668/668/668 669/669/669 668/668/668
f 668/668/668 669/669/669 666/666/666
f 669/669/669 670/670/670 666/666/666
f 666/666/666 670/670/670 671/671/671
f 670/670/670 671/671/671 671/671/671
f 671/671/671 671/671/671 671/671/671
f 671/671/671 672/672/672 671/671/671
f 671/671/671 672/672/672 666/666/666
f 672/672/672 673/673/673 666/666/666
f 666/666/666 673/673/673 673/673/673
f 673/673/673 674/674/674 673/673/673
f 673/673/673 674/674/674 674/674/674
f 674/674/674 675/675/675 674/674/674
f 674/674/674 675/675/675 676/676/676
f 675/675/675 677/677/677 676/676/676
f 676/676/676 677/677/677 677/677/677
f 677/677/677 675/675/675 677/677/677
f 677/677/677 675/675/675 675/675/675
f 675/675/675 678/678/678 675/675/675
f 675/675/675 678/678/678 677/677/677
f 678/678/678 679/679/679 677/677/677
f 677/677/677 679/679/679 680/680/680
f 679/679/679 680/680/680 680/680/680
f 680/680/680 680/680/680 677/677/677
f 680/680/680 677/677/677 677/677/677
f 677/677/677 677/677/677 677/677/677
f 677/677/677 680/680/680 677/677/677
f 677/677/677 680/680/680 681/681/681
f 680/680/680 682/682/682 681/681/681
f 681/681/681 682/682/682 683/683/683
f 682/682/682 683/683/683 683/683/683
f 683/683/683 683/683/683 681/681/681
f 683/683/683 681/681/681 681/681/681
f 681/681/681 681/681/681 681/681/681
f 681/681/681 683/683/683 681/681/681
f 681/681/681 683/683/683 684/684/684
f 683/683/683 685/685/685 684/684/684
f 684/684/684 685/685/685 686/686/686
f 685/685/685 686/686/686 686/686/686
f 686/686/686 686/686/686 687/687/687
f 686/686/686 687/687/687 687/687/687
f 687/687/687 687/687/687 687/687/687
f 687/687/687 688/688/688 687/687/687
f 687/687/687 688/688/688 689/689/689
f 688/688/688 690/690/690 689/689/689
f 689/689/689 690/690/690 690/690/690
f 690/690/690 688/688/688 690/690/690
f 690/690/690 688/688/688 688/688/688
f 688/688/688 679/679/679 688/688/688
f 688/688/688 679/679/679 690/690/690
f 679/679/679 678/678/678 690/690/690
f 690/690/690 678/678/678 678/678/678
f 678/678/678 682/682/682 678/678/678
f 678/678/678 682/682/682 682/682/682
f 682/682/682 680/680/680 682/682/682
f 682/682/682 680/680/680 691/691/691
f 680/680/680 692/692/692 691/691/691
f 691/691/691 692/692/692 693/693/693
f 692/692/692 693/693/693 693/693/693
f 693/693/693 693/693/693 694/694/694
f 693/693/693 694/694/694 694/694/694
f 694/694/694 694/694/694 694/694/694
f 694/694/694 695/695/695 694/694/694
f 694/694/694 695/695/695 696/696/696
f 695/695/695 697/697/697 696/696/696
f 696/696/696 697/697/697 697/697/697
f 697/697/697 695/695/695 697/697/697
f 697/697/697 695/695/695 695/695/695
f 695/695/695 698/698/698 695/695/695
f 695/695/695 698/698/698 697/697/697
f 698/698/698 699/699/699 697/697/697
f 697/697/697 699/699/699 700/700/700
f 699/699/699 700/700/700 700/700/700
f 700/700/700 700/700/700 697/697/697
f 700/700/700 697/697/697 697/697/697
f 697/697/697 697/697/697 697/697/697
f 697/697/697 700/700/700 697/697/697
f 697/697/697 700/700/700 701/701/701
f 700/700/700 702/702/702 701/701/701
f 701/701/701 702/702/702 703/703/703
f 702/702/702 703/703/703 703/703/703
f 703/703/703 703/703/703 701/701/701
f 703/703/703 701/701/701 701/701/701
f 701/701/701 701/701/701 701/701/701
f 701/701/701 703/703/703 701/701/701
f 701/701/701 703/703/703 704/704/704
f 703/703/703 705/705/705 704/704/704
f 704/704/704 705/705/705 706/706/706
f 705/705/705 706/706/706 706/706/706
f 706/706/706 706/706/706 707/707/707
f 706/706/706 707/707/707 707/707/707
f 707/707/707 707/707/707 707/707/707
f 707/707/707 708/708/708 707/707/707
f 707/707/707 708/708/708 709/709/709
f 708/708/708 710/710/710 709/709/709
f 709/709/709 710/710/710 710/710/710
f 710/710/710 708/708/708 710/710/710
f 710/710/710 708/708/708 708/708/708
f 708/708/708 699/699/699 708/708/708
f 708/708/708 699/699/699 710/710/710
f 699/699/699 698/698/698 710/710/710
f 710/710/710 698/698/698 698/698/698
f 698/698/698 702/702/702 698/698/698
f 698/698/698 702/702/702 702/702/702
f 702/702/702 700/700/700 702/702/702
f 702/702/702 700/700/700 711/711/711
f 700/700/700 712/712/712 711/711/711
f 711/711/711 712/712/712 713/713/713
f 712/712/712 713/713/713 713/713/713
f 713/713/713 713/713/713 714/714/714
f 713/713/713 714/714/714 714/714/714
f 714/714/714 714/714/714 714/714/714
f 714/714/714 715/715/715 714/714/714
f 714/714/714 715/715/715 716/716/716
f 715/715/715 717/717/717 716/716/716
f 716/716/716 717/717/717 717/717/717
f 717/717/717 715/715/715 717/717/717
f 717/717/717 715/715/715 715/715/715
f 715/715/715 718/718/718 715/715/715
f 715/715/715 718/718/718 717/717/717
f 718/718/718 719/719/719 717/717/717
f 717/717/717 719/719/719 720/720/720
f 719/719/719 720/720/720 720/720/720
f 720/720/720 720/720/720 717/717/717
f 720/720/720 717/717/717 717/717/717
f 717/717/717 717/717/717 717/717/717
f 717/717/717 720/720/720 717/717/717
f 717/717/717 720/720/720 721/721/721
f 720/720/720 722/722/722 721/721/721
f 721/721/721 722/722/722 723/723/723
f 722/722/722 723/723/723 723/723/723
f 723/723/723 723/723/723 721/721/721
f 723/723/723 721/721/721 721/721/721
f 721/721/721 721/721/721 721/721/721
f 721/721/721 723/723/723 721/721/721
f 721/721/721 723/723/723 724/724/724
f 723/723/723 725/725/725 724/724/724
f 724/724/724 725/725/725 726/726/726
f 725/725/725 726/726/726 726/726/726
f 726/726/726 726/726/726 727/727/727
f 726/726/726 727/727/727 727/727/727
f 727/727/727 727/727/727 727/727/727
f 727/727/727 728/728/728 727/727/727
f 727/727/727 728/728/728 729/729/729
f 728/728/728 730/730/730 729/729/729
f 729/729/729 730/730/730 730/730/730
f 730/730/730 728/728/728 730/730/730
f 730/730/730 728/728/728 728/728/728
f 728/728/728 719/719/719 728/728/728
f 728/728/728 719/719/719 730/730/730
f 719/719/719 718/718/718 730/730/730
f 730/730/730 718/718/718 718/718/718
f 718/718/718 722/722/722 718/718/718
f 718/718/718 722/722/722 722/722/722
f 722/722/722 720/720/720 722/722/722
f 722/722/722 720/720/720 731/731/731
f 720/720/720 732/732/732 731/731/731
f 731/731/731 732/732/732 733/733/733
f 732/732/732 733/733/733 733/733/733
f 733/733/733 733/733/733 734/734/734
f 733/733/733 734/734/734 734/734/734
f 734/734/734 734/734/734 734/734/734
f 734/734/734 735/735/735 734/734/734
f 734/734/734 735/735/735 736/736/736
f 735/735/735 737/737/737 736/736/736
f 736/736/736 737/737/737 737/737/737
f 737/737/737 735/735/735 737/737/737
f 737/737/737 735/735/735 735/735/735
f 735/735/735 738/738/738 735/735/735
f 735/735/735 738/738/738 737/737/737
f 738/738/738 739/739/739 737/737/737
f 737/737/737 739/739/739 740/740/740
f 739/739/739 740/740/740 740/740/740
f 740/740/740 740/740/740 737/737/737
f 740/740/740 737/737/737 737/737/737
f 737/737/737 737/737/737 737/737/737
f 737/737/737 740/740/740 737/737/737
f 737/737/737 740/740/740 741/741/741
f 740/740/740 742/742/742 741/741/741
f 741/741/741 742/742/742 743/743/743
f 742/742/742 743/743/743 743/743/743
f 743/743/743 743/743/743 741/741/741
f 743/743/743 741/741/741 741/741/741
f 741/741/741 741/741/741 741/741/741
f 741/741/741 743/743/743 741/741/741
f 741/741/741 743/743/743 744/744/744
f 743/743/743 745/745/745 744/744/744
f 744/744/744 745/745/745 746/746/746
f 745/745/745 746/746/746 746/746/746
f 746/746/746 746/746/746 747/747/747
f 746/746/746 747/747/747 747/747/747
f 747/747/747 747/747/747 747/747/747
f 747/747/747 748/748/748 747/747/747
f 747/747/747 748/748/748 749/749/749
f 748/748/748 750/750/750 749/749/749
f 749/749/749 750/750/750 750/750/750
f 750/750/750 748/748/748 750/750/750
f 750/750/750 748/748/748 748/748/748
f 748/748/748 739/739/739 748/748/748
f 748/748/748 739/739/739 750/750/750
f 739/739/739 738/738/738 750/750/750
f 750/750/750 738/738/738 738/738/738
f 738/738/738 742/742/742 738/738/738
f 738/738/738 742/742/742 742/742/742
f 742/742/742 740/740/740 742/742/742
f 742/742/742 740/740/740 751/751/751
f 740/740/740 752/752/752 751/751/751
f 751/751/751 752/752/752 753/753/753
f 752/752/752 753/753/753 753/753/753
f 753/753/753 753/753/753 754/754/754
f 753/753/753 754/754/754 754/754/754
f 754/754/754 754/754/754 754/754/754
f 754/754/754 755/755/755 754/754/754
f 754/754/754 755/755/755 756/756/756
f 755/755/755 757/757/757 756/756/756
f 756/756/756 757/757/757 757/757/757
f 757/757/757 758/758/758 757/757/757
f 757/757/757 758/758/758 758/758/758
f 758/758/758 759/759/759 758/758/758
f 758/758/758 759/759/759 760/760/760
f 759/759/759 761/761/761 760/760/760
f 760/760/760 761/761/761 761/761/761
f 761/761/761 762/762/762 761/761/761
f 761/761/761 762/762/762 762/762/762
f 762/762/762 763/763/763 762/762/762
f 762/762/762 763/763/763 764/764/764
f 763/763/763 765/765/765 764/764/764
f 764/764/764 765/765/765 765/765/765
f 765/765/765 766/766/766 765/765/765
f 765/765/765 766/766/766 766/766/766
f 766/766/766 767/767/767 766/766/766
f 766/766/766 767/767/767 768/768/768
f 767/767/767 769/769/769 768/768/768
f 768/768/768 769/769/769 769/769/769
f 769/769/769 770/770/770 769/769/769
f 769/769/769 770/770/770 770/770/770
f 770/770/770 771/771/771 770/770/770
f 770/770/770 771/771/771 772/772/772
f 771/771/771 773/773/773 772/772/772
f 772/772/772 773/773/773 773/773/773
f 773/773/773 774/774/774 773/773/773
f 773/773/773 774/774/774 774/774/774
f 774/774/774 775/775/775 774/774/774
f 774/774/774 775/775/775 776/776/776
f 775/775/775 777/777/777 776/776/776
f 19/19/19 205/205/205 20/20/20
f 174/174/174 202/202/202 175/175/175
f 54/54/54 42/42/42 56/56/56
f 139/139/139 206/206/206 141/141/141
f 177/177/177 192/192/192 179/179/179
f 178/178/178 180/180/180 199/199/199
f 135/135/135 207/207/207 137/137/137
f 366/366/366 390/390/390 369/369/369
f 463/463/463 461/461/461 497/497/497
f 460/460/460 498/498/498 457/457/457
f 499/499/499 410/410/410 408/408/408
f 403/403/403 500/500/500 401/401/401
f 400/400/400 397/397/397 501/501/501
f 409/409/409 502/502/502 407/407/407
f 517/517/517 512/512/512 510/510/510
f 598/598/598 635/635/635 600/600/600
